date,client_id,campaign_id,ad_id,creative_id,spend,impressions,clicks,landing_page_views,add_to_carts,purchases,revenue,data_type
2026-07-16,brio,brio_cmp_001,brio_ad_001,brio_cr_001,50.15,3242,42,40,3,0,0,demo_synthetic
2026-07-17,brio,brio_cmp_001,brio_ad_001,brio_cr_001,33.0,2073,28,23,1,0,0,demo_synthetic
2026-07-18,brio,brio_cmp_001,brio_ad_001,brio_cr_001,47.93,2737,36,31,1,0,0,demo_synthetic
2026-07-19,brio,brio_cmp_001,brio_ad_001,brio_cr_001,41.39,2368,31,27,1,0,0,demo_synthetic
2026-07-20,brio,brio_cmp_001,brio_ad_001,brio_cr_001,33.96,1945,20,18,0,0,0,demo_synthetic
2026-07-21,brio,brio_cmp_001,brio_ad_001,brio_cr_001,32.98,1904,30,27,0,0,0,demo_synthetic
2026-07-22,brio,brio_cmp_001,brio_ad_001,brio_cr_001,39.6,2464,38,31,0,0,0,demo_synthetic
2026-07-23,brio,brio_cmp_001,brio_ad_001,brio_cr_001,40.29,2468,35,33,2,0,0,demo_synthetic
2026-07-24,brio,brio_cmp_001,brio_ad_001,brio_cr_001,40.22,2505,46,44,1,0,0,demo_synthetic
2026-07-25,brio,brio_cmp_001,brio_ad_001,brio_cr_001,40.76,2335,37,36,1,0,0,demo_synthetic
2026-07-26,brio,brio_cmp_001,brio_ad_001,brio_cr_001,34.53,2142,22,20,2,0,0,demo_synthetic
2026-07-27,brio,brio_cmp_001,brio_ad_001,brio_cr_001,34.53,1929,28,28,1,0,0,demo_synthetic
2026-07-28,brio,brio_cmp_001,brio_ad_001,brio_cr_001,34.1,1934,32,31,2,0,0,demo_synthetic
2026-07-29,brio,brio_cmp_001,brio_ad_001,brio_cr_001,46.08,2689,34,31,1,0,0,demo_synthetic
2026-07-30,brio,brio_cmp_001,brio_ad_001,brio_cr_001,34.05,2090,24,22,3,1,307.12,demo_synthetic
2026-07-31,brio,brio_cmp_001,brio_ad_001,brio_cr_001,43.64,2509,29,27,3,0,0,demo_synthetic
2026-08-01,brio,brio_cmp_001,brio_ad_001,brio_cr_001,44.85,2856,54,51,0,1,285.3,demo_synthetic
2026-08-02,brio,brio_cmp_001,brio_ad_001,brio_cr_001,42.34,2547,48,42,0,0,0,demo_synthetic
2026-08-03,brio,brio_cmp_001,brio_ad_001,brio_cr_001,38.27,2108,25,20,3,0,0,demo_synthetic
2026-08-04,brio,brio_cmp_001,brio_ad_001,brio_cr_001,42.82,3057,42,36,0,0,0,demo_synthetic
2026-08-05,brio,brio_cmp_001,brio_ad_001,brio_cr_001,42.84,2375,35,32,2,0,0,demo_synthetic
2026-08-06,brio,brio_cmp_001,brio_ad_001,brio_cr_001,46.34,2789,33,27,1,0,0,demo_synthetic
2026-08-07,brio,brio_cmp_001,brio_ad_001,brio_cr_001,31.5,1911,26,26,0,0,0,demo_synthetic
2026-08-08,brio,brio_cmp_001,brio_ad_001,brio_cr_001,43.65,2387,25,24,0,0,0,demo_synthetic
2026-08-09,brio,brio_cmp_001,brio_ad_001,brio_cr_001,36.28,2415,31,29,2,0,0,demo_synthetic
2026-08-10,brio,brio_cmp_001,brio_ad_001,brio_cr_001,40.11,2350,31,26,1,0,0,demo_synthetic
2026-08-11,brio,brio_cmp_001,brio_ad_001,brio_cr_001,35.8,2149,33,33,2,0,0,demo_synthetic
2026-08-12,brio,brio_cmp_001,brio_ad_001,brio_cr_001,36.14,2198,32,31,1,0,0,demo_synthetic
2026-08-13,brio,brio_cmp_001,brio_ad_001,brio_cr_001,41.75,2754,28,26,4,0,0,demo_synthetic
2026-08-14,brio,brio_cmp_001,brio_ad_001,brio_cr_001,39.58,2554,34,31,2,0,0,demo_synthetic
2026-08-15,brio,brio_cmp_001,brio_ad_001,brio_cr_001,29.14,1818,17,16,1,0,0,demo_synthetic
2026-08-16,brio,brio_cmp_001,brio_ad_001,brio_cr_001,38.26,2150,31,30,1,0,0,demo_synthetic
2026-08-17,brio,brio_cmp_001,brio_ad_001,brio_cr_001,45.42,2343,36,28,2,0,0,demo_synthetic
2026-08-18,brio,brio_cmp_001,brio_ad_001,brio_cr_001,39.31,2476,24,22,1,0,0,demo_synthetic
2026-08-19,brio,brio_cmp_001,brio_ad_001,brio_cr_001,39.99,2468,36,35,1,0,0,demo_synthetic
2026-08-20,brio,brio_cmp_001,brio_ad_001,brio_cr_001,38.02,2243,29,29,1,0,0,demo_synthetic
2026-08-21,brio,brio_cmp_001,brio_ad_001,brio_cr_001,35.44,2270,38,36,3,0,0,demo_synthetic
2026-08-22,brio,brio_cmp_001,brio_ad_001,brio_cr_001,37.8,2443,26,22,2,0,0,demo_synthetic
2026-08-23,brio,brio_cmp_001,brio_ad_001,brio_cr_001,38.61,2373,36,33,3,0,0,demo_synthetic
2026-08-24,brio,brio_cmp_001,brio_ad_001,brio_cr_001,32.32,1951,26,24,1,0,0,demo_synthetic
2026-08-25,brio,brio_cmp_001,brio_ad_001,brio_cr_001,31.22,1701,24,23,0,1,247.15,demo_synthetic
2026-08-26,brio,brio_cmp_001,brio_ad_001,brio_cr_001,37.67,2143,31,29,3,0,0,demo_synthetic
2026-08-27,brio,brio_cmp_001,brio_ad_001,brio_cr_001,40.78,2519,28,25,2,0,0,demo_synthetic
2026-08-28,brio,brio_cmp_001,brio_ad_001,brio_cr_001,27.45,1724,20,19,0,0,0,demo_synthetic
2026-08-29,brio,brio_cmp_001,brio_ad_001,brio_cr_001,42.42,2419,26,25,0,1,256.6,demo_synthetic
2026-08-30,brio,brio_cmp_001,brio_ad_001,brio_cr_001,35.17,1993,19,18,0,0,0,demo_synthetic
2026-08-31,brio,brio_cmp_001,brio_ad_001,brio_cr_001,41.05,2610,37,32,0,0,0,demo_synthetic
2026-09-01,brio,brio_cmp_001,brio_ad_001,brio_cr_001,36.63,2177,38,34,1,0,0,demo_synthetic
2026-09-02,brio,brio_cmp_001,brio_ad_001,brio_cr_001,37.32,2233,39,35,3,0,0,demo_synthetic
2026-09-03,brio,brio_cmp_001,brio_ad_001,brio_cr_001,37.55,2331,24,22,2,0,0,demo_synthetic
2026-09-04,brio,brio_cmp_001,brio_ad_001,brio_cr_001,31.94,1997,23,23,0,0,0,demo_synthetic
2026-09-05,brio,brio_cmp_001,brio_ad_001,brio_cr_001,40.11,2261,28,27,0,0,0,demo_synthetic
2026-09-06,brio,brio_cmp_001,brio_ad_001,brio_cr_001,32.84,2104,27,24,0,0,0,demo_synthetic
2026-09-07,brio,brio_cmp_001,brio_ad_001,brio_cr_001,39.39,2448,20,19,1,0,0,demo_synthetic
2026-09-08,brio,brio_cmp_001,brio_ad_001,brio_cr_001,35.52,2236,40,33,0,1,280.35,demo_synthetic
2026-09-09,brio,brio_cmp_001,brio_ad_001,brio_cr_001,35.57,2257,28,26,1,0,0,demo_synthetic
2026-09-10,brio,brio_cmp_001,brio_ad_001,brio_cr_001,40.11,2209,26,24,2,0,0,demo_synthetic
2026-09-11,brio,brio_cmp_001,brio_ad_001,brio_cr_001,29.85,1641,29,27,2,0,0,demo_synthetic
2026-09-12,brio,brio_cmp_001,brio_ad_001,brio_cr_001,33.77,1981,27,24,2,0,0,demo_synthetic
2026-09-13,brio,brio_cmp_001,brio_ad_001,brio_cr_001,41.04,2868,39,38,1,0,0,demo_synthetic
2026-07-16,brio,brio_cmp_001,brio_ad_002,brio_cr_002,24.48,1750,29,29,2,0,0,demo_synthetic
2026-07-17,brio,brio_cmp_001,brio_ad_002,brio_cr_002,45.01,3413,60,58,5,0,0,demo_synthetic
2026-07-18,brio,brio_cmp_001,brio_ad_002,brio_cr_002,39.21,3392,68,66,1,0,0,demo_synthetic
2026-07-19,brio,brio_cmp_001,brio_ad_002,brio_cr_002,38.87,3120,57,49,1,0,0,demo_synthetic
2026-07-20,brio,brio_cmp_001,brio_ad_002,brio_cr_002,40.52,3055,66,62,1,0,0,demo_synthetic
2026-07-21,brio,brio_cmp_001,brio_ad_002,brio_cr_002,38.11,3158,61,55,3,0,0,demo_synthetic
2026-07-22,brio,brio_cmp_001,brio_ad_002,brio_cr_002,35.9,3308,67,61,4,0,0,demo_synthetic
2026-07-23,brio,brio_cmp_001,brio_ad_002,brio_cr_002,30.36,2536,53,51,3,0,0,demo_synthetic
2026-07-24,brio,brio_cmp_001,brio_ad_002,brio_cr_002,36.15,2962,50,44,4,0,0,demo_synthetic
2026-07-25,brio,brio_cmp_001,brio_ad_002,brio_cr_002,31.91,2427,61,59,2,0,0,demo_synthetic
2026-07-26,brio,brio_cmp_001,brio_ad_002,brio_cr_002,39.71,3094,53,47,2,0,0,demo_synthetic
2026-07-27,brio,brio_cmp_001,brio_ad_002,brio_cr_002,31.52,2433,48,47,4,0,0,demo_synthetic
2026-07-28,brio,brio_cmp_001,brio_ad_002,brio_cr_002,49.36,3396,70,67,5,0,0,demo_synthetic
2026-07-29,brio,brio_cmp_001,brio_ad_002,brio_cr_002,36.17,2865,44,41,4,0,0,demo_synthetic
2026-07-30,brio,brio_cmp_001,brio_ad_002,brio_cr_002,41.36,3375,59,53,2,0,0,demo_synthetic
2026-07-31,brio,brio_cmp_001,brio_ad_002,brio_cr_002,38.13,3032,56,48,1,0,0,demo_synthetic
2026-08-01,brio,brio_cmp_001,brio_ad_002,brio_cr_002,41.3,3278,51,48,2,1,294.85,demo_synthetic
2026-08-02,brio,brio_cmp_001,brio_ad_002,brio_cr_002,37.76,2891,53,47,1,0,0,demo_synthetic
2026-08-03,brio,brio_cmp_001,brio_ad_002,brio_cr_002,39.13,2932,61,53,3,0,0,demo_synthetic
2026-08-04,brio,brio_cmp_001,brio_ad_002,brio_cr_002,38.29,3443,55,52,2,0,0,demo_synthetic
2026-08-05,brio,brio_cmp_001,brio_ad_002,brio_cr_002,41.79,3404,50,46,3,0,0,demo_synthetic
2026-08-06,brio,brio_cmp_001,brio_ad_002,brio_cr_002,33.15,2565,57,53,3,0,0,demo_synthetic
2026-08-07,brio,brio_cmp_001,brio_ad_002,brio_cr_002,38.89,3072,57,52,2,0,0,demo_synthetic
2026-08-08,brio,brio_cmp_001,brio_ad_002,brio_cr_002,37.24,3021,57,53,3,0,0,demo_synthetic
2026-08-09,brio,brio_cmp_001,brio_ad_002,brio_cr_002,45.16,3409,78,71,6,0,0,demo_synthetic
2026-08-10,brio,brio_cmp_001,brio_ad_002,brio_cr_002,34.07,2748,44,42,2,1,287.77,demo_synthetic
2026-08-11,brio,brio_cmp_001,brio_ad_002,brio_cr_002,40.54,3230,68,63,3,1,317.02,demo_synthetic
2026-08-12,brio,brio_cmp_001,brio_ad_002,brio_cr_002,44.81,3166,74,72,4,0,0,demo_synthetic
2026-08-13,brio,brio_cmp_001,brio_ad_002,brio_cr_002,38.95,2973,77,71,2,0,0,demo_synthetic
2026-08-14,brio,brio_cmp_001,brio_ad_002,brio_cr_002,38.66,3177,61,60,1,0,0,demo_synthetic
2026-08-15,brio,brio_cmp_001,brio_ad_002,brio_cr_002,35.81,2702,50,48,2,0,0,demo_synthetic
2026-08-16,brio,brio_cmp_001,brio_ad_002,brio_cr_002,37.19,3793,90,84,3,1,263.07,demo_synthetic
2026-08-17,brio,brio_cmp_001,brio_ad_002,brio_cr_002,35.88,2833,55,45,3,0,0,demo_synthetic
2026-08-18,brio,brio_cmp_001,brio_ad_002,brio_cr_002,36.49,2481,31,28,1,1,301.03,demo_synthetic
2026-08-19,brio,brio_cmp_001,brio_ad_002,brio_cr_002,40.74,3490,73,66,5,0,0,demo_synthetic
2026-08-20,brio,brio_cmp_001,brio_ad_002,brio_cr_002,35.93,3095,55,51,4,0,0,demo_synthetic
2026-08-21,brio,brio_cmp_001,brio_ad_002,brio_cr_002,31.67,2537,41,39,2,0,0,demo_synthetic
2026-08-22,brio,brio_cmp_001,brio_ad_002,brio_cr_002,43.38,3099,67,61,4,0,0,demo_synthetic
2026-08-23,brio,brio_cmp_001,brio_ad_002,brio_cr_002,37.52,3065,71,65,4,1,272.63,demo_synthetic
2026-08-24,brio,brio_cmp_001,brio_ad_002,brio_cr_002,37.26,2841,47,43,3,0,0,demo_synthetic
2026-08-25,brio,brio_cmp_001,brio_ad_002,brio_cr_002,41.22,3372,60,51,3,0,0,demo_synthetic
2026-08-26,brio,brio_cmp_001,brio_ad_002,brio_cr_002,36.02,2628,70,61,3,0,0,demo_synthetic
2026-08-27,brio,brio_cmp_001,brio_ad_002,brio_cr_002,42.01,3080,76,68,7,0,0,demo_synthetic
2026-08-28,brio,brio_cmp_001,brio_ad_002,brio_cr_002,29.75,2164,51,43,3,0,0,demo_synthetic
2026-08-29,brio,brio_cmp_001,brio_ad_002,brio_cr_002,38.77,3360,51,47,3,0,0,demo_synthetic
2026-08-30,brio,brio_cmp_001,brio_ad_002,brio_cr_002,39.98,3554,60,59,2,1,305.36,demo_synthetic
2026-08-31,brio,brio_cmp_001,brio_ad_002,brio_cr_002,31.39,3174,66,59,2,1,280.42,demo_synthetic
2026-09-01,brio,brio_cmp_001,brio_ad_002,brio_cr_002,35.23,2522,48,44,2,1,257.8,demo_synthetic
2026-09-02,brio,brio_cmp_001,brio_ad_002,brio_cr_002,36.13,2736,54,50,1,0,0,demo_synthetic
2026-09-03,brio,brio_cmp_001,brio_ad_002,brio_cr_002,37.35,3149,70,61,3,0,0,demo_synthetic
2026-09-04,brio,brio_cmp_001,brio_ad_002,brio_cr_002,37.52,2854,69,61,3,0,0,demo_synthetic
2026-09-05,brio,brio_cmp_001,brio_ad_002,brio_cr_002,39.52,3404,58,52,1,0,0,demo_synthetic
2026-09-06,brio,brio_cmp_001,brio_ad_002,brio_cr_002,43.57,3257,66,63,3,1,306.97,demo_synthetic
2026-09-07,brio,brio_cmp_001,brio_ad_002,brio_cr_002,39.1,3000,54,49,0,0,0,demo_synthetic
2026-09-08,brio,brio_cmp_001,brio_ad_002,brio_cr_002,37.67,2679,52,46,1,1,275.13,demo_synthetic
2026-09-09,brio,brio_cmp_001,brio_ad_002,brio_cr_002,41.59,3265,80,69,3,0,0,demo_synthetic
2026-09-10,brio,brio_cmp_001,brio_ad_002,brio_cr_002,34.79,2841,55,49,3,1,296.19,demo_synthetic
2026-09-11,brio,brio_cmp_001,brio_ad_002,brio_cr_002,34.08,2495,51,47,4,0,0,demo_synthetic
2026-09-12,brio,brio_cmp_001,brio_ad_002,brio_cr_002,32.69,2586,59,51,3,0,0,demo_synthetic
2026-09-13,brio,brio_cmp_001,brio_ad_002,brio_cr_002,37.52,2914,76,75,4,0,0,demo_synthetic
2026-07-16,brio,brio_cmp_001,brio_ad_003,brio_cr_003,29.9,1920,25,25,1,0,0,demo_synthetic
2026-07-17,brio,brio_cmp_001,brio_ad_003,brio_cr_003,30.18,2008,38,35,3,0,0,demo_synthetic
2026-07-18,brio,brio_cmp_001,brio_ad_003,brio_cr_003,44.69,2920,43,37,1,0,0,demo_synthetic
2026-07-19,brio,brio_cmp_001,brio_ad_003,brio_cr_003,37.71,2444,34,32,3,0,0,demo_synthetic
2026-07-20,brio,brio_cmp_001,brio_ad_003,brio_cr_003,37.03,2296,52,47,3,0,0,demo_synthetic
2026-07-21,brio,brio_cmp_001,brio_ad_003,brio_cr_003,38.27,2612,56,56,2,0,0,demo_synthetic
2026-07-22,brio,brio_cmp_001,brio_ad_003,brio_cr_003,38.46,2425,38,33,7,0,0,demo_synthetic
2026-07-23,brio,brio_cmp_001,brio_ad_003,brio_cr_003,40.31,2638,47,43,2,1,247.19,demo_synthetic
2026-07-24,brio,brio_cmp_001,brio_ad_003,brio_cr_003,37.6,2539,50,41,4,0,0,demo_synthetic
2026-07-25,brio,brio_cmp_001,brio_ad_003,brio_cr_003,36.91,2443,37,33,4,1,255.02,demo_synthetic
2026-07-26,brio,brio_cmp_001,brio_ad_003,brio_cr_003,39.85,2443,29,22,2,0,0,demo_synthetic
2026-07-27,brio,brio_cmp_001,brio_ad_003,brio_cr_003,41.25,2691,46,39,3,0,0,demo_synthetic
2026-07-28,brio,brio_cmp_001,brio_ad_003,brio_cr_003,46.77,3281,57,54,1,0,0,demo_synthetic
2026-07-29,brio,brio_cmp_001,brio_ad_003,brio_cr_003,43.34,2858,43,39,3,0,0,demo_synthetic
2026-07-30,brio,brio_cmp_001,brio_ad_003,brio_cr_003,41.01,2797,56,50,2,0,0,demo_synthetic
2026-07-31,brio,brio_cmp_001,brio_ad_003,brio_cr_003,36.12,2466,33,32,1,0,0,demo_synthetic
2026-08-01,brio,brio_cmp_001,brio_ad_003,brio_cr_003,38.01,2417,47,43,6,0,0,demo_synthetic
2026-08-02,brio,brio_cmp_001,brio_ad_003,brio_cr_003,42.86,2471,57,52,4,0,0,demo_synthetic
2026-08-03,brio,brio_cmp_001,brio_ad_003,brio_cr_003,36.97,2470,52,47,2,0,0,demo_synthetic
2026-08-04,brio,brio_cmp_001,brio_ad_003,brio_cr_003,34.5,2455,46,40,1,0,0,demo_synthetic
2026-08-05,brio,brio_cmp_001,brio_ad_003,brio_cr_003,37.08,2348,53,49,2,0,0,demo_synthetic
2026-08-06,brio,brio_cmp_001,brio_ad_003,brio_cr_003,39.96,2987,58,56,0,0,0,demo_synthetic
2026-08-07,brio,brio_cmp_001,brio_ad_003,brio_cr_003,37.44,2690,50,47,1,0,0,demo_synthetic
2026-08-08,brio,brio_cmp_001,brio_ad_003,brio_cr_003,46.24,2865,49,48,2,0,0,demo_synthetic
2026-08-09,brio,brio_cmp_001,brio_ad_003,brio_cr_003,45.98,3044,51,50,2,1,333.43,demo_synthetic
2026-08-10,brio,brio_cmp_001,brio_ad_003,brio_cr_003,31.14,1986,32,26,1,0,0,demo_synthetic
2026-08-11,brio,brio_cmp_001,brio_ad_003,brio_cr_003,39.77,2721,51,48,6,0,0,demo_synthetic
2026-08-12,brio,brio_cmp_001,brio_ad_003,brio_cr_003,34.82,2533,44,38,2,0,0,demo_synthetic
2026-08-13,brio,brio_cmp_001,brio_ad_003,brio_cr_003,44.03,2885,41,40,2,0,0,demo_synthetic
2026-08-14,brio,brio_cmp_001,brio_ad_003,brio_cr_003,40.65,2648,34,30,1,1,282.32,demo_synthetic
2026-08-15,brio,brio_cmp_001,brio_ad_003,brio_cr_003,26.14,1667,23,21,0,0,0,demo_synthetic
2026-08-16,brio,brio_cmp_001,brio_ad_003,brio_cr_003,39.57,2653,33,32,3,1,259.37,demo_synthetic
2026-08-17,brio,brio_cmp_001,brio_ad_003,brio_cr_003,35.22,2363,40,32,0,0,0,demo_synthetic
2026-08-18,brio,brio_cmp_001,brio_ad_003,brio_cr_003,35.64,2474,53,47,1,0,0,demo_synthetic
2026-08-19,brio,brio_cmp_001,brio_ad_003,brio_cr_003,36.98,2606,62,60,2,1,306.16,demo_synthetic
2026-08-20,brio,brio_cmp_001,brio_ad_003,brio_cr_003,34.35,2336,35,34,1,0,0,demo_synthetic
2026-08-21,brio,brio_cmp_001,brio_ad_003,brio_cr_003,41.11,2543,50,45,1,0,0,demo_synthetic
2026-08-22,brio,brio_cmp_001,brio_ad_003,brio_cr_003,45.16,2963,37,35,0,0,0,demo_synthetic
2026-08-23,brio,brio_cmp_001,brio_ad_003,brio_cr_003,47.52,3655,35,27,1,0,0,demo_synthetic
2026-08-24,brio,brio_cmp_001,brio_ad_003,brio_cr_003,36.49,2785,36,30,1,0,0,demo_synthetic
2026-08-25,brio,brio_cmp_001,brio_ad_003,brio_cr_003,40.27,2339,58,55,1,0,0,demo_synthetic
2026-08-26,brio,brio_cmp_001,brio_ad_003,brio_cr_003,37.44,2466,35,29,0,0,0,demo_synthetic
2026-08-27,brio,brio_cmp_001,brio_ad_003,brio_cr_003,34.03,2204,30,29,0,1,327.53,demo_synthetic
2026-08-28,brio,brio_cmp_001,brio_ad_003,brio_cr_003,42.08,2881,44,40,2,0,0,demo_synthetic
2026-08-29,brio,brio_cmp_001,brio_ad_003,brio_cr_003,37.43,2265,34,27,2,0,0,demo_synthetic
2026-08-30,brio,brio_cmp_001,brio_ad_003,brio_cr_003,39.59,2416,36,33,1,0,0,demo_synthetic
2026-08-31,brio,brio_cmp_001,brio_ad_003,brio_cr_003,38.49,2658,47,42,1,0,0,demo_synthetic
2026-09-01,brio,brio_cmp_001,brio_ad_003,brio_cr_003,35.1,2173,33,28,5,0,0,demo_synthetic
2026-09-02,brio,brio_cmp_001,brio_ad_003,brio_cr_003,31.14,1957,36,32,3,0,0,demo_synthetic
2026-09-03,brio,brio_cmp_001,brio_ad_003,brio_cr_003,46.8,2906,35,31,1,0,0,demo_synthetic
2026-09-04,brio,brio_cmp_001,brio_ad_003,brio_cr_003,31.09,2391,40,36,2,0,0,demo_synthetic
2026-09-05,brio,brio_cmp_001,brio_ad_003,brio_cr_003,41.78,2865,45,40,5,0,0,demo_synthetic
2026-09-06,brio,brio_cmp_001,brio_ad_003,brio_cr_003,32.63,1998,34,31,1,0,0,demo_synthetic
2026-09-07,brio,brio_cmp_001,brio_ad_003,brio_cr_003,36.94,2228,42,37,2,0,0,demo_synthetic
2026-09-08,brio,brio_cmp_001,brio_ad_003,brio_cr_003,39.93,2610,44,40,1,0,0,demo_synthetic
2026-09-09,brio,brio_cmp_001,brio_ad_003,brio_cr_003,36.34,2307,30,28,2,0,0,demo_synthetic
2026-09-10,brio,brio_cmp_001,brio_ad_003,brio_cr_003,33.16,2002,34,27,1,0,0,demo_synthetic
2026-09-11,brio,brio_cmp_001,brio_ad_003,brio_cr_003,37.66,2779,50,46,2,0,0,demo_synthetic
2026-09-12,brio,brio_cmp_001,brio_ad_003,brio_cr_003,38.54,2699,56,48,0,0,0,demo_synthetic
2026-09-13,brio,brio_cmp_001,brio_ad_003,brio_cr_003,46.17,2938,54,50,4,0,0,demo_synthetic
2026-07-16,brio,brio_cmp_001,brio_ad_004,brio_cr_004,35.0,1868,21,17,2,0,0,demo_synthetic
2026-07-17,brio,brio_cmp_001,brio_ad_004,brio_cr_004,36.08,1915,28,25,0,0,0,demo_synthetic
2026-07-18,brio,brio_cmp_001,brio_ad_004,brio_cr_004,35.21,2008,40,37,1,0,0,demo_synthetic
2026-07-19,brio,brio_cmp_001,brio_ad_004,brio_cr_004,38.01,2293,26,25,0,1,285.99,demo_synthetic
2026-07-20,brio,brio_cmp_001,brio_ad_004,brio_cr_004,38.2,2074,23,22,1,0,0,demo_synthetic
2026-07-21,brio,brio_cmp_001,brio_ad_004,brio_cr_004,37.67,2202,32,32,2,0,0,demo_synthetic
2026-07-22,brio,brio_cmp_001,brio_ad_004,brio_cr_004,37.16,2173,30,28,0,0,0,demo_synthetic
2026-07-23,brio,brio_cmp_001,brio_ad_004,brio_cr_004,43.11,2457,23,21,1,0,0,demo_synthetic
2026-07-24,brio,brio_cmp_001,brio_ad_004,brio_cr_004,35.57,2056,23,22,1,0,0,demo_synthetic
2026-07-25,brio,brio_cmp_001,brio_ad_004,brio_cr_004,47.51,2582,35,34,2,0,0,demo_synthetic
2026-07-26,brio,brio_cmp_001,brio_ad_004,brio_cr_004,36.8,2010,26,24,0,0,0,demo_synthetic
2026-07-27,brio,brio_cmp_001,brio_ad_004,brio_cr_004,42.91,2318,31,29,4,0,0,demo_synthetic
2026-07-28,brio,brio_cmp_001,brio_ad_004,brio_cr_004,34.6,2125,31,29,0,0,0,demo_synthetic
2026-07-29,brio,brio_cmp_001,brio_ad_004,brio_cr_004,42.72,2309,35,34,2,0,0,demo_synthetic
2026-07-30,brio,brio_cmp_001,brio_ad_004,brio_cr_004,34.82,2042,36,29,0,0,0,demo_synthetic
2026-07-31,brio,brio_cmp_001,brio_ad_004,brio_cr_004,34.28,2078,31,30,1,0,0,demo_synthetic
2026-08-01,brio,brio_cmp_001,brio_ad_004,brio_cr_004,37.85,1984,39,36,2,0,0,demo_synthetic
2026-08-02,brio,brio_cmp_001,brio_ad_004,brio_cr_004,41.45,2335,30,25,2,0,0,demo_synthetic
2026-08-03,brio,brio_cmp_001,brio_ad_004,brio_cr_004,36.91,2200,50,45,1,0,0,demo_synthetic
2026-08-04,brio,brio_cmp_001,brio_ad_004,brio_cr_004,43.23,2465,24,23,1,0,0,demo_synthetic
2026-08-05,brio,brio_cmp_001,brio_ad_004,brio_cr_004,30.16,1685,35,30,1,0,0,demo_synthetic
2026-08-06,brio,brio_cmp_001,brio_ad_004,brio_cr_004,31.1,1842,27,24,2,0,0,demo_synthetic
2026-08-07,brio,brio_cmp_001,brio_ad_004,brio_cr_004,42.11,2182,23,21,1,0,0,demo_synthetic
2026-08-08,brio,brio_cmp_001,brio_ad_004,brio_cr_004,33.67,1995,33,29,1,0,0,demo_synthetic
2026-08-09,brio,brio_cmp_001,brio_ad_004,brio_cr_004,50.1,2707,32,32,2,0,0,demo_synthetic
2026-08-10,brio,brio_cmp_001,brio_ad_004,brio_cr_004,46.08,2568,55,54,3,0,0,demo_synthetic
2026-08-11,brio,brio_cmp_001,brio_ad_004,brio_cr_004,33.03,1845,34,32,1,0,0,demo_synthetic
2026-08-12,brio,brio_cmp_001,brio_ad_004,brio_cr_004,39.86,2318,36,34,1,0,0,demo_synthetic
2026-08-13,brio,brio_cmp_001,brio_ad_004,brio_cr_004,35.85,2046,29,27,2,0,0,demo_synthetic
2026-08-14,brio,brio_cmp_001,brio_ad_004,brio_cr_004,39.61,2205,39,33,0,0,0,demo_synthetic
2026-08-15,brio,brio_cmp_001,brio_ad_004,brio_cr_004,44.58,2494,21,18,0,0,0,demo_synthetic
2026-08-16,brio,brio_cmp_001,brio_ad_004,brio_cr_004,39.67,2123,32,32,1,0,0,demo_synthetic
2026-08-17,brio,brio_cmp_001,brio_ad_004,brio_cr_004,40.77,2264,27,18,1,0,0,demo_synthetic
2026-08-18,brio,brio_cmp_001,brio_ad_004,brio_cr_004,40.38,2210,41,38,1,1,322.12,demo_synthetic
2026-08-19,brio,brio_cmp_001,brio_ad_004,brio_cr_004,40.41,2536,44,40,0,0,0,demo_synthetic
2026-08-20,brio,brio_cmp_001,brio_ad_004,brio_cr_004,32.75,1974,31,28,1,0,0,demo_synthetic
2026-08-21,brio,brio_cmp_001,brio_ad_004,brio_cr_004,34.27,1755,21,20,1,0,0,demo_synthetic
2026-08-22,brio,brio_cmp_001,brio_ad_004,brio_cr_004,42.27,2310,27,22,1,0,0,demo_synthetic
2026-08-23,brio,brio_cmp_001,brio_ad_004,brio_cr_004,44.74,2564,47,45,1,0,0,demo_synthetic
2026-08-24,brio,brio_cmp_001,brio_ad_004,brio_cr_004,50.04,2754,38,37,1,0,0,demo_synthetic
2026-08-25,brio,brio_cmp_001,brio_ad_004,brio_cr_004,38.65,2554,43,41,2,0,0,demo_synthetic
2026-08-26,brio,brio_cmp_001,brio_ad_004,brio_cr_004,41.16,2406,44,39,2,0,0,demo_synthetic
2026-08-27,brio,brio_cmp_001,brio_ad_004,brio_cr_004,40.15,2244,32,29,1,0,0,demo_synthetic
2026-08-28,brio,brio_cmp_001,brio_ad_004,brio_cr_004,33.66,1748,29,29,0,0,0,demo_synthetic
2026-08-29,brio,brio_cmp_001,brio_ad_004,brio_cr_004,33.18,1921,32,30,1,0,0,demo_synthetic
2026-08-30,brio,brio_cmp_001,brio_ad_004,brio_cr_004,36.46,2235,29,24,1,0,0,demo_synthetic
2026-08-31,brio,brio_cmp_001,brio_ad_004,brio_cr_004,45.39,2381,43,35,3,0,0,demo_synthetic
2026-09-01,brio,brio_cmp_001,brio_ad_004,brio_cr_004,38.8,2019,33,29,1,0,0,demo_synthetic
2026-09-02,brio,brio_cmp_001,brio_ad_004,brio_cr_004,36.36,1979,27,20,0,0,0,demo_synthetic
2026-09-03,brio,brio_cmp_001,brio_ad_004,brio_cr_004,44.19,2429,41,34,2,0,0,demo_synthetic
2026-09-04,brio,brio_cmp_001,brio_ad_004,brio_cr_004,39.88,2628,39,35,1,0,0,demo_synthetic
2026-09-05,brio,brio_cmp_001,brio_ad_004,brio_cr_004,40.76,2894,32,32,2,0,0,demo_synthetic
2026-09-06,brio,brio_cmp_001,brio_ad_004,brio_cr_004,40.61,2420,44,37,1,0,0,demo_synthetic
2026-09-07,brio,brio_cmp_001,brio_ad_004,brio_cr_004,40.21,2220,31,30,2,0,0,demo_synthetic
2026-09-08,brio,brio_cmp_001,brio_ad_004,brio_cr_004,42.41,2483,44,39,1,0,0,demo_synthetic
2026-09-09,brio,brio_cmp_001,brio_ad_004,brio_cr_004,32.07,1869,26,25,1,0,0,demo_synthetic
2026-09-10,brio,brio_cmp_001,brio_ad_004,brio_cr_004,35.13,2135,40,36,1,0,0,demo_synthetic
2026-09-11,brio,brio_cmp_001,brio_ad_004,brio_cr_004,41.24,2348,53,47,1,0,0,demo_synthetic
2026-09-12,brio,brio_cmp_001,brio_ad_004,brio_cr_004,37.56,1991,26,25,0,0,0,demo_synthetic
2026-09-13,brio,brio_cmp_001,brio_ad_004,brio_cr_004,44.82,2672,51,47,4,0,0,demo_synthetic
2026-07-16,brio,brio_cmp_002,brio_ad_005,brio_cr_005,37.87,2212,22,21,3,0,0,demo_synthetic
2026-07-17,brio,brio_cmp_002,brio_ad_005,brio_cr_005,27.76,1624,26,26,3,0,0,demo_synthetic
2026-07-18,brio,brio_cmp_002,brio_ad_005,brio_cr_005,39.91,2280,36,33,5,0,0,demo_synthetic
2026-07-19,brio,brio_cmp_002,brio_ad_005,brio_cr_005,29.76,1825,28,27,0,1,263.39,demo_synthetic
2026-07-20,brio,brio_cmp_002,brio_ad_005,brio_cr_005,30.78,1983,20,16,0,0,0,demo_synthetic
2026-07-21,brio,brio_cmp_002,brio_ad_005,brio_cr_005,24.76,1690,26,24,0,0,0,demo_synthetic
2026-07-22,brio,brio_cmp_002,brio_ad_005,brio_cr_005,31.28,1865,26,25,1,0,0,demo_synthetic
2026-07-23,brio,brio_cmp_002,brio_ad_005,brio_cr_005,24.72,1481,16,14,1,0,0,demo_synthetic
2026-07-24,brio,brio_cmp_002,brio_ad_005,brio_cr_005,28.2,1623,21,17,0,0,0,demo_synthetic
2026-07-25,brio,brio_cmp_002,brio_ad_005,brio_cr_005,29.06,1941,23,20,4,0,0,demo_synthetic
2026-07-26,brio,brio_cmp_002,brio_ad_005,brio_cr_005,36.58,2467,43,40,5,1,286.52,demo_synthetic
2026-07-27,brio,brio_cmp_002,brio_ad_005,brio_cr_005,38.47,2214,25,22,2,1,295.2,demo_synthetic
2026-07-28,brio,brio_cmp_002,brio_ad_005,brio_cr_005,35.17,1945,33,30,3,0,0,demo_synthetic
2026-07-29,brio,brio_cmp_002,brio_ad_005,brio_cr_005,35.52,2130,31,30,3,0,0,demo_synthetic
2026-07-30,brio,brio_cmp_002,brio_ad_005,brio_cr_005,30.54,1829,29,27,1,0,0,demo_synthetic
2026-07-31,brio,brio_cmp_002,brio_ad_005,brio_cr_005,31.84,2065,52,45,0,0,0,demo_synthetic
2026-08-01,brio,brio_cmp_002,brio_ad_005,brio_cr_005,29.33,2026,25,25,0,0,0,demo_synthetic
2026-08-02,brio,brio_cmp_002,brio_ad_005,brio_cr_005,32.74,1959,30,27,2,0,0,demo_synthetic
2026-08-03,brio,brio_cmp_002,brio_ad_005,brio_cr_005,31.82,1899,29,26,0,0,0,demo_synthetic
2026-08-04,brio,brio_cmp_002,brio_ad_005,brio_cr_005,31.25,1926,25,21,3,0,0,demo_synthetic
2026-08-05,brio,brio_cmp_002,brio_ad_005,brio_cr_005,26.08,1625,32,29,0,0,0,demo_synthetic
2026-08-06,brio,brio_cmp_002,brio_ad_005,brio_cr_005,35.54,2252,32,29,4,0,0,demo_synthetic
2026-08-07,brio,brio_cmp_002,brio_ad_005,brio_cr_005,27.7,1809,30,27,2,0,0,demo_synthetic
2026-08-08,brio,brio_cmp_002,brio_ad_005,brio_cr_005,33.53,2284,44,38,5,0,0,demo_synthetic
2026-08-09,brio,brio_cmp_002,brio_ad_005,brio_cr_005,33.65,1993,23,19,1,0,0,demo_synthetic
2026-08-10,brio,brio_cmp_002,brio_ad_005,brio_cr_005,33.44,2087,21,21,1,0,0,demo_synthetic
2026-08-11,brio,brio_cmp_002,brio_ad_005,brio_cr_005,24.19,1598,21,20,3,0,0,demo_synthetic
2026-08-12,brio,brio_cmp_002,brio_ad_005,brio_cr_005,32.13,1984,26,24,3,0,0,demo_synthetic
2026-08-13,brio,brio_cmp_002,brio_ad_005,brio_cr_005,30.72,2257,34,32,3,1,292.1,demo_synthetic
2026-08-14,brio,brio_cmp_002,brio_ad_005,brio_cr_005,37.99,2729,38,30,5,0,0,demo_synthetic
2026-08-15,brio,brio_cmp_002,brio_ad_005,brio_cr_005,31.7,1884,33,29,4,0,0,demo_synthetic
2026-08-16,brio,brio_cmp_002,brio_ad_005,brio_cr_005,28.57,2030,22,20,0,0,0,demo_synthetic
2026-08-17,brio,brio_cmp_002,brio_ad_005,brio_cr_005,31.08,2046,26,24,4,0,0,demo_synthetic
2026-08-18,brio,brio_cmp_002,brio_ad_005,brio_cr_005,34.63,2098,29,27,3,0,0,demo_synthetic
2026-08-19,brio,brio_cmp_002,brio_ad_005,brio_cr_005,31.76,2313,42,36,6,0,0,demo_synthetic
2026-08-20,brio,brio_cmp_002,brio_ad_005,brio_cr_005,29.01,1991,27,24,2,0,0,demo_synthetic
2026-08-21,brio,brio_cmp_002,brio_ad_005,brio_cr_005,31.71,2042,26,20,2,0,0,demo_synthetic
2026-08-22,brio,brio_cmp_002,brio_ad_005,brio_cr_005,31.48,2013,19,17,0,0,0,demo_synthetic
2026-08-23,brio,brio_cmp_002,brio_ad_005,brio_cr_005,31.02,1958,39,36,6,0,0,demo_synthetic
2026-08-24,brio,brio_cmp_002,brio_ad_005,brio_cr_005,32.82,2280,29,27,4,0,0,demo_synthetic
2026-08-25,brio,brio_cmp_002,brio_ad_005,brio_cr_005,27.93,2070,30,30,4,0,0,demo_synthetic
2026-08-26,brio,brio_cmp_002,brio_ad_005,brio_cr_005,34.21,2086,23,19,3,0,0,demo_synthetic
2026-08-27,brio,brio_cmp_002,brio_ad_005,brio_cr_005,36.37,2041,31,28,1,0,0,demo_synthetic
2026-08-28,brio,brio_cmp_002,brio_ad_005,brio_cr_005,32.18,2002,15,13,0,0,0,demo_synthetic
2026-08-29,brio,brio_cmp_002,brio_ad_005,brio_cr_005,30.77,2135,35,30,5,2,542.25,demo_synthetic
2026-08-30,brio,brio_cmp_002,brio_ad_005,brio_cr_005,39.55,2475,49,49,4,0,0,demo_synthetic
2026-08-31,brio,brio_cmp_002,brio_ad_005,brio_cr_005,33.24,2080,40,37,3,2,587.06,demo_synthetic
2026-09-01,brio,brio_cmp_002,brio_ad_005,brio_cr_005,33.37,2059,30,25,2,0,0,demo_synthetic
2026-09-02,brio,brio_cmp_002,brio_ad_005,brio_cr_005,39.19,2363,31,30,1,0,0,demo_synthetic
2026-09-03,brio,brio_cmp_002,brio_ad_005,brio_cr_005,34.08,2023,44,42,3,0,0,demo_synthetic
2026-09-04,brio,brio_cmp_002,brio_ad_005,brio_cr_005,33.19,2111,35,33,3,1,277.46,demo_synthetic
2026-09-05,brio,brio_cmp_002,brio_ad_005,brio_cr_005,30.85,1858,22,22,2,0,0,demo_synthetic
2026-09-06,brio,brio_cmp_002,brio_ad_005,brio_cr_005,43.59,3056,52,48,5,0,0,demo_synthetic
2026-09-07,brio,brio_cmp_002,brio_ad_005,brio_cr_005,29.29,1891,23,23,1,0,0,demo_synthetic
2026-09-08,brio,brio_cmp_002,brio_ad_005,brio_cr_005,28.19,1742,34,31,3,0,0,demo_synthetic
2026-09-09,brio,brio_cmp_002,brio_ad_005,brio_cr_005,28.1,1613,24,21,0,0,0,demo_synthetic
2026-09-10,brio,brio_cmp_002,brio_ad_005,brio_cr_005,32.28,1761,16,16,1,0,0,demo_synthetic
2026-09-11,brio,brio_cmp_002,brio_ad_005,brio_cr_005,31.95,2059,33,32,2,1,267.53,demo_synthetic
2026-09-12,brio,brio_cmp_002,brio_ad_005,brio_cr_005,45.0,2959,49,46,2,0,0,demo_synthetic
2026-09-13,brio,brio_cmp_002,brio_ad_005,brio_cr_005,33.88,2277,18,18,2,0,0,demo_synthetic
2026-07-16,brio,brio_cmp_002,brio_ad_006,brio_cr_006,26.86,2091,30,25,2,0,0,demo_synthetic
2026-07-17,brio,brio_cmp_002,brio_ad_006,brio_cr_006,29.52,2122,29,27,1,0,0,demo_synthetic
2026-07-18,brio,brio_cmp_002,brio_ad_006,brio_cr_006,36.42,2875,57,53,4,1,297.95,demo_synthetic
2026-07-19,brio,brio_cmp_002,brio_ad_006,brio_cr_006,27.54,2062,24,23,2,1,283.55,demo_synthetic
2026-07-20,brio,brio_cmp_002,brio_ad_006,brio_cr_006,26.52,1810,40,34,3,0,0,demo_synthetic
2026-07-21,brio,brio_cmp_002,brio_ad_006,brio_cr_006,32.26,2370,42,35,2,0,0,demo_synthetic
2026-07-22,brio,brio_cmp_002,brio_ad_006,brio_cr_006,29.62,2052,35,31,1,0,0,demo_synthetic
2026-07-23,brio,brio_cmp_002,brio_ad_006,brio_cr_006,36.75,2341,35,34,2,0,0,demo_synthetic
2026-07-24,brio,brio_cmp_002,brio_ad_006,brio_cr_006,31.45,2099,29,27,3,0,0,demo_synthetic
2026-07-25,brio,brio_cmp_002,brio_ad_006,brio_cr_006,23.13,1712,25,20,0,0,0,demo_synthetic
2026-07-26,brio,brio_cmp_002,brio_ad_006,brio_cr_006,38.77,3085,43,41,2,0,0,demo_synthetic
2026-07-27,brio,brio_cmp_002,brio_ad_006,brio_cr_006,36.65,2709,53,49,1,1,295.32,demo_synthetic
2026-07-28,brio,brio_cmp_002,brio_ad_006,brio_cr_006,31.5,2284,36,33,1,1,296.64,demo_synthetic
2026-07-29,brio,brio_cmp_002,brio_ad_006,brio_cr_006,33.63,2302,32,29,1,0,0,demo_synthetic
2026-07-30,brio,brio_cmp_002,brio_ad_006,brio_cr_006,24.04,1707,28,24,0,0,0,demo_synthetic
2026-07-31,brio,brio_cmp_002,brio_ad_006,brio_cr_006,34.57,2809,41,38,4,0,0,demo_synthetic
2026-08-01,brio,brio_cmp_002,brio_ad_006,brio_cr_006,29.51,2085,37,35,1,1,252.25,demo_synthetic
2026-08-02,brio,brio_cmp_002,brio_ad_006,brio_cr_006,36.55,2640,51,40,5,0,0,demo_synthetic
2026-08-03,brio,brio_cmp_002,brio_ad_006,brio_cr_006,33.01,2475,39,36,0,0,0,demo_synthetic
2026-08-04,brio,brio_cmp_002,brio_ad_006,brio_cr_006,34.21,2404,38,36,2,0,0,demo_synthetic
2026-08-05,brio,brio_cmp_002,brio_ad_006,brio_cr_006,26.95,1810,26,25,5,0,0,demo_synthetic
2026-08-06,brio,brio_cmp_002,brio_ad_006,brio_cr_006,31.91,2438,37,36,3,0,0,demo_synthetic
2026-08-07,brio,brio_cmp_002,brio_ad_006,brio_cr_006,32.7,2261,45,40,6,0,0,demo_synthetic
2026-08-08,brio,brio_cmp_002,brio_ad_006,brio_cr_006,46.07,3385,55,48,2,0,0,demo_synthetic
2026-08-09,brio,brio_cmp_002,brio_ad_006,brio_cr_006,34.27,2618,47,43,4,0,0,demo_synthetic
2026-08-10,brio,brio_cmp_002,brio_ad_006,brio_cr_006,28.98,1887,35,30,1,0,0,demo_synthetic
2026-08-11,brio,brio_cmp_002,brio_ad_006,brio_cr_006,36.71,2330,29,28,2,0,0,demo_synthetic
2026-08-12,brio,brio_cmp_002,brio_ad_006,brio_cr_006,29.73,2005,34,33,4,0,0,demo_synthetic
2026-08-13,brio,brio_cmp_002,brio_ad_006,brio_cr_006,36.1,2853,61,59,5,0,0,demo_synthetic
2026-08-14,brio,brio_cmp_002,brio_ad_006,brio_cr_006,26.59,2058,41,38,4,0,0,demo_synthetic
2026-08-15,brio,brio_cmp_002,brio_ad_006,brio_cr_006,34.2,2842,50,47,2,0,0,demo_synthetic
2026-08-16,brio,brio_cmp_002,brio_ad_006,brio_cr_006,39.15,2492,55,48,2,0,0,demo_synthetic
2026-08-17,brio,brio_cmp_002,brio_ad_006,brio_cr_006,38.38,2639,38,35,1,0,0,demo_synthetic
2026-08-18,brio,brio_cmp_002,brio_ad_006,brio_cr_006,29.65,2041,38,37,2,0,0,demo_synthetic
2026-08-19,brio,brio_cmp_002,brio_ad_006,brio_cr_006,31.05,2383,38,32,2,0,0,demo_synthetic
2026-08-20,brio,brio_cmp_002,brio_ad_006,brio_cr_006,35.62,2315,46,41,6,0,0,demo_synthetic
2026-08-21,brio,brio_cmp_002,brio_ad_006,brio_cr_006,38.8,2590,34,33,2,0,0,demo_synthetic
2026-08-22,brio,brio_cmp_002,brio_ad_006,brio_cr_006,33.97,2265,43,42,4,0,0,demo_synthetic
2026-08-23,brio,brio_cmp_002,brio_ad_006,brio_cr_006,25.32,1693,16,13,1,0,0,demo_synthetic
2026-08-24,brio,brio_cmp_002,brio_ad_006,brio_cr_006,28.4,2136,36,31,2,0,0,demo_synthetic
2026-08-25,brio,brio_cmp_002,brio_ad_006,brio_cr_006,34.87,2415,41,37,5,0,0,demo_synthetic
2026-08-26,brio,brio_cmp_002,brio_ad_006,brio_cr_006,25.99,1865,30,27,0,0,0,demo_synthetic
2026-08-27,brio,brio_cmp_002,brio_ad_006,brio_cr_006,32.71,2464,40,38,2,0,0,demo_synthetic
2026-08-28,brio,brio_cmp_002,brio_ad_006,brio_cr_006,26.8,2219,26,25,1,1,258.12,demo_synthetic
2026-08-29,brio,brio_cmp_002,brio_ad_006,brio_cr_006,33.49,2271,34,31,3,0,0,demo_synthetic
2026-08-30,brio,brio_cmp_002,brio_ad_006,brio_cr_006,35.32,2735,48,46,6,0,0,demo_synthetic
2026-08-31,brio,brio_cmp_002,brio_ad_006,brio_cr_006,34.81,2456,49,49,3,0,0,demo_synthetic
2026-09-01,brio,brio_cmp_002,brio_ad_006,brio_cr_006,34.82,2601,51,49,5,0,0,demo_synthetic
2026-09-02,brio,brio_cmp_002,brio_ad_006,brio_cr_006,37.16,3154,41,39,4,0,0,demo_synthetic
2026-09-03,brio,brio_cmp_002,brio_ad_006,brio_cr_006,26.99,1774,26,25,3,0,0,demo_synthetic
2026-09-04,brio,brio_cmp_002,brio_ad_006,brio_cr_006,33.33,2307,45,39,1,0,0,demo_synthetic
2026-09-05,brio,brio_cmp_002,brio_ad_006,brio_cr_006,28.23,2271,45,42,3,0,0,demo_synthetic
2026-09-06,brio,brio_cmp_002,brio_ad_006,brio_cr_006,33.15,2292,44,41,4,0,0,demo_synthetic
2026-09-07,brio,brio_cmp_002,brio_ad_006,brio_cr_006,29.19,1931,31,27,3,0,0,demo_synthetic
2026-09-08,brio,brio_cmp_002,brio_ad_006,brio_cr_006,38.83,2875,50,41,3,0,0,demo_synthetic
2026-09-09,brio,brio_cmp_002,brio_ad_006,brio_cr_006,29.35,2207,35,32,2,1,310.91,demo_synthetic
2026-09-10,brio,brio_cmp_002,brio_ad_006,brio_cr_006,33.17,2506,37,35,2,0,0,demo_synthetic
2026-09-11,brio,brio_cmp_002,brio_ad_006,brio_cr_006,30.14,2088,35,32,1,0,0,demo_synthetic
2026-09-12,brio,brio_cmp_002,brio_ad_006,brio_cr_006,33.82,2576,44,44,3,0,0,demo_synthetic
2026-09-13,brio,brio_cmp_002,brio_ad_006,brio_cr_006,30.85,2055,40,40,2,0,0,demo_synthetic
2026-07-16,brio,brio_cmp_002,brio_ad_007,brio_cr_007,25.22,1703,48,39,2,0,0,demo_synthetic
2026-07-17,brio,brio_cmp_002,brio_ad_007,brio_cr_007,31.28,2200,42,41,1,0,0,demo_synthetic
2026-07-18,brio,brio_cmp_002,brio_ad_007,brio_cr_007,32.83,2391,42,39,4,0,0,demo_synthetic
2026-07-19,brio,brio_cmp_002,brio_ad_007,brio_cr_007,38.59,2721,48,44,4,0,0,demo_synthetic
2026-07-20,brio,brio_cmp_002,brio_ad_007,brio_cr_007,38.1,2373,49,45,6,0,0,demo_synthetic
2026-07-21,brio,brio_cmp_002,brio_ad_007,brio_cr_007,34.23,2209,50,43,3,0,0,demo_synthetic
2026-07-22,brio,brio_cmp_002,brio_ad_007,brio_cr_007,27.6,1854,49,42,2,0,0,demo_synthetic
2026-07-23,brio,brio_cmp_002,brio_ad_007,brio_cr_007,33.25,2144,43,41,4,0,0,demo_synthetic
2026-07-24,brio,brio_cmp_002,brio_ad_007,brio_cr_007,31.12,2017,33,28,1,0,0,demo_synthetic
2026-07-25,brio,brio_cmp_002,brio_ad_007,brio_cr_007,35.92,2646,39,38,4,0,0,demo_synthetic
2026-07-26,brio,brio_cmp_002,brio_ad_007,brio_cr_007,27.05,1668,26,21,3,0,0,demo_synthetic
2026-07-27,brio,brio_cmp_002,brio_ad_007,brio_cr_007,31.04,2325,40,38,3,0,0,demo_synthetic
2026-07-28,brio,brio_cmp_002,brio_ad_007,brio_cr_007,31.98,2141,39,37,4,0,0,demo_synthetic
2026-07-29,brio,brio_cmp_002,brio_ad_007,brio_cr_007,35.81,2622,64,55,3,1,273.34,demo_synthetic
2026-07-30,brio,brio_cmp_002,brio_ad_007,brio_cr_007,31.31,2353,51,44,4,0,0,demo_synthetic
2026-07-31,brio,brio_cmp_002,brio_ad_007,brio_cr_007,35.02,3051,62,53,5,0,0,demo_synthetic
2026-08-01,brio,brio_cmp_002,brio_ad_007,brio_cr_007,37.65,2613,47,43,2,1,316.01,demo_synthetic
2026-08-02,brio,brio_cmp_002,brio_ad_007,brio_cr_007,30.62,2116,35,33,1,1,286.78,demo_synthetic
2026-08-03,brio,brio_cmp_002,brio_ad_007,brio_cr_007,33.12,2232,43,40,2,0,0,demo_synthetic
2026-08-04,brio,brio_cmp_002,brio_ad_007,brio_cr_007,28.36,1928,34,32,4,0,0,demo_synthetic
2026-08-05,brio,brio_cmp_002,brio_ad_007,brio_cr_007,37.71,2514,52,47,3,0,0,demo_synthetic
2026-08-06,brio,brio_cmp_002,brio_ad_007,brio_cr_007,33.34,2489,46,44,2,0,0,demo_synthetic
2026-08-07,brio,brio_cmp_002,brio_ad_007,brio_cr_007,29.39,2141,60,56,4,3,807.0,demo_synthetic
2026-08-08,brio,brio_cmp_002,brio_ad_007,brio_cr_007,27.79,1891,34,30,2,0,0,demo_synthetic
2026-08-09,brio,brio_cmp_002,brio_ad_007,brio_cr_007,37.45,2859,54,46,3,0,0,demo_synthetic
2026-08-10,brio,brio_cmp_002,brio_ad_007,brio_cr_007,31.77,2400,37,34,2,0,0,demo_synthetic
2026-08-11,brio,brio_cmp_002,brio_ad_007,brio_cr_007,34.98,2293,38,33,3,0,0,demo_synthetic
2026-08-12,brio,brio_cmp_002,brio_ad_007,brio_cr_007,27.42,1871,30,27,2,0,0,demo_synthetic
2026-08-13,brio,brio_cmp_002,brio_ad_007,brio_cr_007,39.48,2643,51,43,2,0,0,demo_synthetic
2026-08-14,brio,brio_cmp_002,brio_ad_007,brio_cr_007,34.85,2719,60,57,3,1,277.78,demo_synthetic
2026-08-15,brio,brio_cmp_002,brio_ad_007,brio_cr_007,30.05,2131,37,34,4,0,0,demo_synthetic
2026-08-16,brio,brio_cmp_002,brio_ad_007,brio_cr_007,38.78,2804,48,45,2,0,0,demo_synthetic
2026-08-17,brio,brio_cmp_002,brio_ad_007,brio_cr_007,37.02,2692,51,50,3,1,333.89,demo_synthetic
2026-08-18,brio,brio_cmp_002,brio_ad_007,brio_cr_007,27.06,1892,31,30,0,1,290.47,demo_synthetic
2026-08-19,brio,brio_cmp_002,brio_ad_007,brio_cr_007,36.54,2510,47,43,1,0,0,demo_synthetic
2026-08-20,brio,brio_cmp_002,brio_ad_007,brio_cr_007,38.82,2989,67,55,3,0,0,demo_synthetic
2026-08-21,brio,brio_cmp_002,brio_ad_007,brio_cr_007,34.76,2364,42,36,3,1,272.89,demo_synthetic
2026-08-22,brio,brio_cmp_002,brio_ad_007,brio_cr_007,32.93,2182,36,35,3,0,0,demo_synthetic
2026-08-23,brio,brio_cmp_002,brio_ad_007,brio_cr_007,35.92,2746,50,42,2,1,287.07,demo_synthetic
2026-08-24,brio,brio_cmp_002,brio_ad_007,brio_cr_007,33.85,2502,44,41,4,1,309.82,demo_synthetic
2026-08-25,brio,brio_cmp_002,brio_ad_007,brio_cr_007,34.93,2327,42,37,2,0,0,demo_synthetic
2026-08-26,brio,brio_cmp_002,brio_ad_007,brio_cr_007,35.93,2501,32,30,1,0,0,demo_synthetic
2026-08-27,brio,brio_cmp_002,brio_ad_007,brio_cr_007,33.85,2540,53,49,2,1,264.54,demo_synthetic
2026-08-28,brio,brio_cmp_002,brio_ad_007,brio_cr_007,28.15,1938,47,41,2,1,252.11,demo_synthetic
2026-08-29,brio,brio_cmp_002,brio_ad_007,brio_cr_007,33.81,2573,43,42,2,1,296.84,demo_synthetic
2026-08-30,brio,brio_cmp_002,brio_ad_007,brio_cr_007,30.16,2160,41,38,2,0,0,demo_synthetic
2026-08-31,brio,brio_cmp_002,brio_ad_007,brio_cr_007,31.32,1854,31,29,2,0,0,demo_synthetic
2026-09-01,brio,brio_cmp_002,brio_ad_007,brio_cr_007,31.12,2163,46,41,5,1,302.79,demo_synthetic
2026-09-02,brio,brio_cmp_002,brio_ad_007,brio_cr_007,27.31,1940,26,22,1,0,0,demo_synthetic
2026-09-03,brio,brio_cmp_002,brio_ad_007,brio_cr_007,35.56,2321,41,35,2,0,0,demo_synthetic
2026-09-04,brio,brio_cmp_002,brio_ad_007,brio_cr_007,34.36,2441,41,40,1,0,0,demo_synthetic
2026-09-05,brio,brio_cmp_002,brio_ad_007,brio_cr_007,37.2,2550,52,46,3,0,0,demo_synthetic
2026-09-06,brio,brio_cmp_002,brio_ad_007,brio_cr_007,32.94,2429,53,48,5,1,276.57,demo_synthetic
2026-09-07,brio,brio_cmp_002,brio_ad_007,brio_cr_007,22.71,1419,27,25,1,1,281.21,demo_synthetic
2026-09-08,brio,brio_cmp_002,brio_ad_007,brio_cr_007,31.68,2111,43,34,4,0,0,demo_synthetic
2026-09-09,brio,brio_cmp_002,brio_ad_007,brio_cr_007,30.06,2026,51,45,4,0,0,demo_synthetic
2026-09-10,brio,brio_cmp_002,brio_ad_007,brio_cr_007,36.05,2285,46,41,1,0,0,demo_synthetic
2026-09-11,brio,brio_cmp_002,brio_ad_007,brio_cr_007,41.89,2772,59,55,9,0,0,demo_synthetic
2026-09-12,brio,brio_cmp_002,brio_ad_007,brio_cr_007,35.04,2673,58,54,5,0,0,demo_synthetic
2026-09-13,brio,brio_cmp_002,brio_ad_007,brio_cr_007,38.95,2458,61,54,0,0,0,demo_synthetic
2026-07-16,brio,brio_cmp_002,brio_ad_008,brio_cr_008,32.46,2722,36,32,2,0,0,demo_synthetic
2026-07-17,brio,brio_cmp_002,brio_ad_008,brio_cr_008,35.16,2426,43,35,2,0,0,demo_synthetic
2026-07-18,brio,brio_cmp_002,brio_ad_008,brio_cr_008,47.31,2929,37,34,2,1,298.39,demo_synthetic
2026-07-19,brio,brio_cmp_002,brio_ad_008,brio_cr_008,34.78,2223,34,32,0,0,0,demo_synthetic
2026-07-20,brio,brio_cmp_002,brio_ad_008,brio_cr_008,31.57,2058,35,34,3,0,0,demo_synthetic
2026-07-21,brio,brio_cmp_002,brio_ad_008,brio_cr_008,23.64,1480,20,16,1,1,307.25,demo_synthetic
2026-07-22,brio,brio_cmp_002,brio_ad_008,brio_cr_008,37.55,2448,46,42,3,0,0,demo_synthetic
2026-07-23,brio,brio_cmp_002,brio_ad_008,brio_cr_008,33.86,2425,44,38,0,0,0,demo_synthetic
2026-07-24,brio,brio_cmp_002,brio_ad_008,brio_cr_008,30.42,1877,25,22,2,0,0,demo_synthetic
2026-07-25,brio,brio_cmp_002,brio_ad_008,brio_cr_008,31.06,2096,34,33,2,0,0,demo_synthetic
2026-07-26,brio,brio_cmp_002,brio_ad_008,brio_cr_008,31.22,1864,32,29,0,0,0,demo_synthetic
2026-07-27,brio,brio_cmp_002,brio_ad_008,brio_cr_008,31.86,1938,22,18,2,0,0,demo_synthetic
2026-07-28,brio,brio_cmp_002,brio_ad_008,brio_cr_008,28.01,1843,28,25,0,1,253.71,demo_synthetic
2026-07-29,brio,brio_cmp_002,brio_ad_008,brio_cr_008,32.07,2151,35,32,4,0,0,demo_synthetic
2026-07-30,brio,brio_cmp_002,brio_ad_008,brio_cr_008,35.75,2173,33,27,1,0,0,demo_synthetic
2026-07-31,brio,brio_cmp_002,brio_ad_008,brio_cr_008,30.58,1777,35,31,2,0,0,demo_synthetic
2026-08-01,brio,brio_cmp_002,brio_ad_008,brio_cr_008,36.48,2102,36,33,1,0,0,demo_synthetic
2026-08-02,brio,brio_cmp_002,brio_ad_008,brio_cr_008,43.65,2673,39,36,3,0,0,demo_synthetic
2026-08-03,brio,brio_cmp_002,brio_ad_008,brio_cr_008,31.13,1823,31,26,0,0,0,demo_synthetic
2026-08-04,brio,brio_cmp_002,brio_ad_008,brio_cr_008,26.94,1748,20,18,0,1,242.16,demo_synthetic
2026-08-05,brio,brio_cmp_002,brio_ad_008,brio_cr_008,28.99,1620,24,21,1,0,0,demo_synthetic
2026-08-06,brio,brio_cmp_002,brio_ad_008,brio_cr_008,34.26,2306,26,23,2,0,0,demo_synthetic
2026-08-07,brio,brio_cmp_002,brio_ad_008,brio_cr_008,32.13,2035,25,20,0,0,0,demo_synthetic
2026-08-08,brio,brio_cmp_002,brio_ad_008,brio_cr_008,31.63,1820,26,23,0,0,0,demo_synthetic
2026-08-09,brio,brio_cmp_002,brio_ad_008,brio_cr_008,33.02,1859,31,28,1,0,0,demo_synthetic
2026-08-10,brio,brio_cmp_002,brio_ad_008,brio_cr_008,33.48,2322,32,31,2,0,0,demo_synthetic
2026-08-11,brio,brio_cmp_002,brio_ad_008,brio_cr_008,31.65,1977,26,24,3,0,0,demo_synthetic
2026-08-12,brio,brio_cmp_002,brio_ad_008,brio_cr_008,27.54,1840,31,28,1,0,0,demo_synthetic
2026-08-13,brio,brio_cmp_002,brio_ad_008,brio_cr_008,32.3,2311,31,29,4,0,0,demo_synthetic
2026-08-14,brio,brio_cmp_002,brio_ad_008,brio_cr_008,36.38,2316,48,44,2,1,231.36,demo_synthetic
2026-08-15,brio,brio_cmp_002,brio_ad_008,brio_cr_008,30.03,1638,28,26,0,0,0,demo_synthetic
2026-08-16,brio,brio_cmp_002,brio_ad_008,brio_cr_008,31.46,1883,40,36,3,0,0,demo_synthetic
2026-08-17,brio,brio_cmp_002,brio_ad_008,brio_cr_008,26.37,1661,30,28,1,2,573.44,demo_synthetic
2026-08-18,brio,brio_cmp_002,brio_ad_008,brio_cr_008,35.15,2055,22,20,1,0,0,demo_synthetic
2026-08-19,brio,brio_cmp_002,brio_ad_008,brio_cr_008,29.25,1691,28,28,1,0,0,demo_synthetic
2026-08-20,brio,brio_cmp_002,brio_ad_008,brio_cr_008,25.86,1677,38,37,2,0,0,demo_synthetic
2026-08-21,brio,brio_cmp_002,brio_ad_008,brio_cr_008,31.16,1898,23,19,1,2,578.73,demo_synthetic
2026-08-22,brio,brio_cmp_002,brio_ad_008,brio_cr_008,34.1,2203,29,24,1,1,284.82,demo_synthetic
2026-08-23,brio,brio_cmp_002,brio_ad_008,brio_cr_008,35.25,2724,39,35,2,0,0,demo_synthetic
2026-08-24,brio,brio_cmp_002,brio_ad_008,brio_cr_008,31.59,2203,37,33,0,0,0,demo_synthetic
2026-08-25,brio,brio_cmp_002,brio_ad_008,brio_cr_008,34.41,2269,33,31,2,0,0,demo_synthetic
2026-08-26,brio,brio_cmp_002,brio_ad_008,brio_cr_008,29.29,1863,18,17,3,0,0,demo_synthetic
2026-08-27,brio,brio_cmp_002,brio_ad_008,brio_cr_008,33.61,2222,36,32,2,0,0,demo_synthetic
2026-08-28,brio,brio_cmp_002,brio_ad_008,brio_cr_008,29.97,1915,21,20,0,0,0,demo_synthetic
2026-08-29,brio,brio_cmp_002,brio_ad_008,brio_cr_008,34.05,2314,40,32,2,0,0,demo_synthetic
2026-08-30,brio,brio_cmp_002,brio_ad_008,brio_cr_008,27.1,1838,20,17,1,0,0,demo_synthetic
2026-08-31,brio,brio_cmp_002,brio_ad_008,brio_cr_008,40.76,2750,55,47,1,0,0,demo_synthetic
2026-09-01,brio,brio_cmp_002,brio_ad_008,brio_cr_008,33.03,2333,41,36,4,0,0,demo_synthetic
2026-09-02,brio,brio_cmp_002,brio_ad_008,brio_cr_008,31.72,2051,27,22,1,0,0,demo_synthetic
2026-09-03,brio,brio_cmp_002,brio_ad_008,brio_cr_008,29.92,1717,31,31,2,0,0,demo_synthetic
2026-09-04,brio,brio_cmp_002,brio_ad_008,brio_cr_008,29.98,1998,44,42,2,0,0,demo_synthetic
2026-09-05,brio,brio_cmp_002,brio_ad_008,brio_cr_008,35.14,2550,48,47,4,1,272.78,demo_synthetic
2026-09-06,brio,brio_cmp_002,brio_ad_008,brio_cr_008,34.63,2229,40,39,3,0,0,demo_synthetic
2026-09-07,brio,brio_cmp_002,brio_ad_008,brio_cr_008,28.02,1632,24,24,0,0,0,demo_synthetic
2026-09-08,brio,brio_cmp_002,brio_ad_008,brio_cr_008,25.79,1919,40,37,0,1,314.19,demo_synthetic
2026-09-09,brio,brio_cmp_002,brio_ad_008,brio_cr_008,32.06,2125,38,38,1,0,0,demo_synthetic
2026-09-10,brio,brio_cmp_002,brio_ad_008,brio_cr_008,29.11,1939,30,25,1,0,0,demo_synthetic
2026-09-11,brio,brio_cmp_002,brio_ad_008,brio_cr_008,30.61,1952,45,43,3,0,0,demo_synthetic
2026-09-12,brio,brio_cmp_002,brio_ad_008,brio_cr_008,29.43,2128,39,35,2,0,0,demo_synthetic
2026-09-13,brio,brio_cmp_002,brio_ad_008,brio_cr_008,32.97,1980,30,29,6,0,0,demo_synthetic
2026-07-16,brio,brio_cmp_003,brio_ad_009,brio_cr_009,42.05,2761,31,29,0,0,0,demo_synthetic
2026-07-17,brio,brio_cmp_003,brio_ad_009,brio_cr_009,58.1,3858,59,52,3,0,0,demo_synthetic
2026-07-18,brio,brio_cmp_003,brio_ad_009,brio_cr_009,54.51,4042,84,72,2,0,0,demo_synthetic
2026-07-19,brio,brio_cmp_003,brio_ad_009,brio_cr_009,41.77,2825,48,39,2,0,0,demo_synthetic
2026-07-20,brio,brio_cmp_003,brio_ad_009,brio_cr_009,58.6,4018,70,65,4,0,0,demo_synthetic
2026-07-21,brio,brio_cmp_003,brio_ad_009,brio_cr_009,50.63,4005,71,63,2,0,0,demo_synthetic
2026-07-22,brio,brio_cmp_003,brio_ad_009,brio_cr_009,52.42,3214,47,44,1,0,0,demo_synthetic
2026-07-23,brio,brio_cmp_003,brio_ad_009,brio_cr_009,65.72,4359,52,50,0,0,0,demo_synthetic
2026-07-24,brio,brio_cmp_003,brio_ad_009,brio_cr_009,40.34,2750,35,31,0,0,0,demo_synthetic
2026-07-25,brio,brio_cmp_003,brio_ad_009,brio_cr_009,64.38,4820,86,85,1,0,0,demo_synthetic
2026-07-26,brio,brio_cmp_003,brio_ad_009,brio_cr_009,57.53,3736,67,64,6,0,0,demo_synthetic
2026-07-27,brio,brio_cmp_003,brio_ad_009,brio_cr_009,57.99,3765,67,64,0,1,463.93,demo_synthetic
2026-07-28,brio,brio_cmp_003,brio_ad_009,brio_cr_009,57.87,4253,65,57,3,0,0,demo_synthetic
2026-07-29,brio,brio_cmp_003,brio_ad_009,brio_cr_009,58.12,3833,60,54,4,0,0,demo_synthetic
2026-07-30,brio,brio_cmp_003,brio_ad_009,brio_cr_009,46.18,3532,71,67,7,0,0,demo_synthetic
2026-07-31,brio,brio_cmp_003,brio_ad_009,brio_cr_009,56.47,3122,43,39,1,1,438.83,demo_synthetic
2026-08-01,brio,brio_cmp_003,brio_ad_009,brio_cr_009,59.81,4309,72,71,4,0,0,demo_synthetic
2026-08-02,brio,brio_cmp_003,brio_ad_009,brio_cr_009,66.1,4134,72,69,2,1,505.24,demo_synthetic
2026-08-03,brio,brio_cmp_003,brio_ad_009,brio_cr_009,34.32,2354,42,38,5,0,0,demo_synthetic
2026-08-04,brio,brio_cmp_003,brio_ad_009,brio_cr_009,60.84,4651,66,58,8,1,570.38,demo_synthetic
2026-08-05,brio,brio_cmp_003,brio_ad_009,brio_cr_009,57.09,3664,49,49,7,0,0,demo_synthetic
2026-08-06,brio,brio_cmp_003,brio_ad_009,brio_cr_009,55.47,3555,53,49,3,1,508.94,demo_synthetic
2026-08-07,brio,brio_cmp_003,brio_ad_009,brio_cr_009,57.41,3952,63,59,5,0,0,demo_synthetic
2026-08-08,brio,brio_cmp_003,brio_ad_009,brio_cr_009,62.16,4176,76,69,2,0,0,demo_synthetic
2026-08-09,brio,brio_cmp_003,brio_ad_009,brio_cr_009,56.9,3902,59,55,0,0,0,demo_synthetic
2026-08-10,brio,brio_cmp_003,brio_ad_009,brio_cr_009,48.23,3347,71,65,4,1,521.99,demo_synthetic
2026-08-11,brio,brio_cmp_003,brio_ad_009,brio_cr_009,46.87,3187,61,58,4,1,563.1,demo_synthetic
2026-08-12,brio,brio_cmp_003,brio_ad_009,brio_cr_009,35.85,2324,31,28,1,0,0,demo_synthetic
2026-08-13,brio,brio_cmp_003,brio_ad_009,brio_cr_009,62.27,4102,66,61,3,0,0,demo_synthetic
2026-08-14,brio,brio_cmp_003,brio_ad_009,brio_cr_009,51.13,3334,62,56,4,0,0,demo_synthetic
2026-08-15,brio,brio_cmp_003,brio_ad_009,brio_cr_009,61.4,4278,77,73,6,0,0,demo_synthetic
2026-08-16,brio,brio_cmp_003,brio_ad_009,brio_cr_009,57.0,3830,61,58,0,0,0,demo_synthetic
2026-08-17,brio,brio_cmp_003,brio_ad_009,brio_cr_009,56.73,4075,77,69,4,0,0,demo_synthetic
2026-08-18,brio,brio_cmp_003,brio_ad_009,brio_cr_009,59.38,3797,54,47,5,0,0,demo_synthetic
2026-08-19,brio,brio_cmp_003,brio_ad_009,brio_cr_009,61.99,4115,82,72,3,0,0,demo_synthetic
2026-08-20,brio,brio_cmp_003,brio_ad_009,brio_cr_009,42.23,2447,52,50,2,0,0,demo_synthetic
2026-08-21,brio,brio_cmp_003,brio_ad_009,brio_cr_009,57.71,3818,70,64,5,0,0,demo_synthetic
2026-08-22,brio,brio_cmp_003,brio_ad_009,brio_cr_009,53.64,3828,45,39,0,0,0,demo_synthetic
2026-08-23,brio,brio_cmp_003,brio_ad_009,brio_cr_009,53.42,3670,58,54,3,1,526.24,demo_synthetic
2026-08-24,brio,brio_cmp_003,brio_ad_009,brio_cr_009,51.06,3617,58,53,3,1,521.4,demo_synthetic
2026-08-25,brio,brio_cmp_003,brio_ad_009,brio_cr_009,51.84,3665,54,49,5,0,0,demo_synthetic
2026-08-26,brio,brio_cmp_003,brio_ad_009,brio_cr_009,50.34,3514,68,65,0,1,521.5,demo_synthetic
2026-08-27,brio,brio_cmp_003,brio_ad_009,brio_cr_009,55.13,4011,66,56,2,1,529.79,demo_synthetic
2026-08-28,brio,brio_cmp_003,brio_ad_009,brio_cr_009,55.85,3953,69,64,4,0,0,demo_synthetic
2026-08-29,brio,brio_cmp_003,brio_ad_009,brio_cr_009,59.46,3880,75,67,4,0,0,demo_synthetic
2026-08-30,brio,brio_cmp_003,brio_ad_009,brio_cr_009,62.05,3818,52,42,1,0,0,demo_synthetic
2026-08-31,brio,brio_cmp_003,brio_ad_009,brio_cr_009,56.18,3797,69,64,1,0,0,demo_synthetic
2026-09-01,brio,brio_cmp_003,brio_ad_009,brio_cr_009,48.2,3562,58,53,3,0,0,demo_synthetic
2026-09-02,brio,brio_cmp_003,brio_ad_009,brio_cr_009,49.04,3936,55,50,3,0,0,demo_synthetic
2026-09-03,brio,brio_cmp_003,brio_ad_009,brio_cr_009,52.47,3319,40,36,4,2,1072.55,demo_synthetic
2026-09-04,brio,brio_cmp_003,brio_ad_009,brio_cr_009,52.69,3416,52,49,2,1,466.37,demo_synthetic
2026-09-05,brio,brio_cmp_003,brio_ad_009,brio_cr_009,50.81,3356,65,61,3,0,0,demo_synthetic
2026-09-06,brio,brio_cmp_003,brio_ad_009,brio_cr_009,57.77,3662,56,55,3,0,0,demo_synthetic
2026-09-07,brio,brio_cmp_003,brio_ad_009,brio_cr_009,61.06,3984,61,56,4,0,0,demo_synthetic
2026-09-08,brio,brio_cmp_003,brio_ad_009,brio_cr_009,52.74,4491,76,57,4,0,0,demo_synthetic
2026-09-09,brio,brio_cmp_003,brio_ad_009,brio_cr_009,52.87,3941,71,62,3,0,0,demo_synthetic
2026-09-10,brio,brio_cmp_003,brio_ad_009,brio_cr_009,61.07,4043,55,48,5,0,0,demo_synthetic
2026-09-11,brio,brio_cmp_003,brio_ad_009,brio_cr_009,53.26,3947,77,69,6,0,0,demo_synthetic
2026-09-12,brio,brio_cmp_003,brio_ad_009,brio_cr_009,54.76,3732,66,63,2,0,0,demo_synthetic
2026-09-13,brio,brio_cmp_003,brio_ad_009,brio_cr_009,45.69,3608,64,60,7,3,1458.91,demo_synthetic
2026-07-16,brio,brio_cmp_003,brio_ad_010,brio_cr_010,45.57,3304,36,33,4,0,0,demo_synthetic
2026-07-17,brio,brio_cmp_003,brio_ad_010,brio_cr_010,44.04,2836,48,47,2,0,0,demo_synthetic
2026-07-18,brio,brio_cmp_003,brio_ad_010,brio_cr_010,64.13,4025,71,60,5,1,478.56,demo_synthetic
2026-07-19,brio,brio_cmp_003,brio_ad_010,brio_cr_010,52.92,3088,54,50,5,0,0,demo_synthetic
2026-07-20,brio,brio_cmp_003,brio_ad_010,brio_cr_010,44.1,2610,44,42,5,1,534.44,demo_synthetic
2026-07-21,brio,brio_cmp_003,brio_ad_010,brio_cr_010,58.18,3339,55,49,3,2,1042.91,demo_synthetic
2026-07-22,brio,brio_cmp_003,brio_ad_010,brio_cr_010,50.45,3328,74,67,5,0,0,demo_synthetic
2026-07-23,brio,brio_cmp_003,brio_ad_010,brio_cr_010,50.65,3306,70,66,2,0,0,demo_synthetic
2026-07-24,brio,brio_cmp_003,brio_ad_010,brio_cr_010,64.18,3874,93,86,3,1,472.29,demo_synthetic
2026-07-25,brio,brio_cmp_003,brio_ad_010,brio_cr_010,62.77,4420,82,76,4,0,0,demo_synthetic
2026-07-26,brio,brio_cmp_003,brio_ad_010,brio_cr_010,51.41,3358,63,55,1,1,502.87,demo_synthetic
2026-07-27,brio,brio_cmp_003,brio_ad_010,brio_cr_010,51.99,3653,70,68,7,1,473.64,demo_synthetic
2026-07-28,brio,brio_cmp_003,brio_ad_010,brio_cr_010,57.37,3647,64,57,0,0,0,demo_synthetic
2026-07-29,brio,brio_cmp_003,brio_ad_010,brio_cr_010,59.48,3157,64,62,6,0,0,demo_synthetic
2026-07-30,brio,brio_cmp_003,brio_ad_010,brio_cr_010,49.2,3094,47,45,6,0,0,demo_synthetic
2026-07-31,brio,brio_cmp_003,brio_ad_010,brio_cr_010,50.49,3318,64,54,5,0,0,demo_synthetic
2026-08-01,brio,brio_cmp_003,brio_ad_010,brio_cr_010,48.34,3254,65,62,7,0,0,demo_synthetic
2026-08-02,brio,brio_cmp_003,brio_ad_010,brio_cr_010,58.18,4068,78,68,4,0,0,demo_synthetic
2026-08-03,brio,brio_cmp_003,brio_ad_010,brio_cr_010,56.48,4453,77,68,8,0,0,demo_synthetic
2026-08-04,brio,brio_cmp_003,brio_ad_010,brio_cr_010,55.76,3325,68,59,4,0,0,demo_synthetic
2026-08-05,brio,brio_cmp_003,brio_ad_010,brio_cr_010,53.99,3320,40,37,3,0,0,demo_synthetic
2026-08-06,brio,brio_cmp_003,brio_ad_010,brio_cr_010,60.38,3413,76,69,2,0,0,demo_synthetic
2026-08-07,brio,brio_cmp_003,brio_ad_010,brio_cr_010,58.91,3655,80,73,6,3,1490.94,demo_synthetic
2026-08-08,brio,brio_cmp_003,brio_ad_010,brio_cr_010,60.68,3996,74,71,3,0,0,demo_synthetic
2026-08-09,brio,brio_cmp_003,brio_ad_010,brio_cr_010,56.26,3081,48,45,1,0,0,demo_synthetic
2026-08-10,brio,brio_cmp_003,brio_ad_010,brio_cr_010,40.62,2400,36,32,1,0,0,demo_synthetic
2026-08-11,brio,brio_cmp_003,brio_ad_010,brio_cr_010,52.04,2973,55,47,0,0,0,demo_synthetic
2026-08-12,brio,brio_cmp_003,brio_ad_010,brio_cr_010,45.52,2761,39,35,3,1,466.34,demo_synthetic
2026-08-13,brio,brio_cmp_003,brio_ad_010,brio_cr_010,51.58,3229,60,56,2,0,0,demo_synthetic
2026-08-14,brio,brio_cmp_003,brio_ad_010,brio_cr_010,40.35,2346,54,49,1,0,0,demo_synthetic
2026-08-15,brio,brio_cmp_003,brio_ad_010,brio_cr_010,52.6,3173,64,59,6,1,483.06,demo_synthetic
2026-08-16,brio,brio_cmp_003,brio_ad_010,brio_cr_010,47.41,2735,46,43,2,0,0,demo_synthetic
2026-08-17,brio,brio_cmp_003,brio_ad_010,brio_cr_010,52.93,3234,49,49,3,0,0,demo_synthetic
2026-08-18,brio,brio_cmp_003,brio_ad_010,brio_cr_010,57.36,3275,62,58,2,0,0,demo_synthetic
2026-08-19,brio,brio_cmp_003,brio_ad_010,brio_cr_010,53.58,3321,57,50,6,1,486.95,demo_synthetic
2026-08-20,brio,brio_cmp_003,brio_ad_010,brio_cr_010,57.76,3948,80,74,4,0,0,demo_synthetic
2026-08-21,brio,brio_cmp_003,brio_ad_010,brio_cr_010,50.85,3393,63,56,6,1,534.48,demo_synthetic
2026-08-22,brio,brio_cmp_003,brio_ad_010,brio_cr_010,65.95,3873,68,60,2,0,0,demo_synthetic
2026-08-23,brio,brio_cmp_003,brio_ad_010,brio_cr_010,61.91,4091,67,62,9,0,0,demo_synthetic
2026-08-24,brio,brio_cmp_003,brio_ad_010,brio_cr_010,44.37,2910,38,35,1,0,0,demo_synthetic
2026-08-25,brio,brio_cmp_003,brio_ad_010,brio_cr_010,37.76,2446,40,37,3,0,0,demo_synthetic
2026-08-26,brio,brio_cmp_003,brio_ad_010,brio_cr_010,59.2,3723,70,64,1,1,592.81,demo_synthetic
2026-08-27,brio,brio_cmp_003,brio_ad_010,brio_cr_010,50.31,3198,54,51,4,0,0,demo_synthetic
2026-08-28,brio,brio_cmp_003,brio_ad_010,brio_cr_010,52.04,3499,56,52,4,0,0,demo_synthetic
2026-08-29,brio,brio_cmp_003,brio_ad_010,brio_cr_010,63.7,4031,91,87,14,1,534.58,demo_synthetic
2026-08-30,brio,brio_cmp_003,brio_ad_010,brio_cr_010,53.31,3331,76,72,4,1,453.32,demo_synthetic
2026-08-31,brio,brio_cmp_003,brio_ad_010,brio_cr_010,56.46,4000,74,65,2,0,0,demo_synthetic
2026-09-01,brio,brio_cmp_003,brio_ad_010,brio_cr_010,51.05,2658,52,49,5,0,0,demo_synthetic
2026-09-02,brio,brio_cmp_003,brio_ad_010,brio_cr_010,63.77,4310,76,66,2,3,1387.65,demo_synthetic
2026-09-03,brio,brio_cmp_003,brio_ad_010,brio_cr_010,56.74,3494,78,65,4,1,515.55,demo_synthetic
2026-09-04,brio,brio_cmp_003,brio_ad_010,brio_cr_010,56.71,2961,57,55,2,0,0,demo_synthetic
2026-09-05,brio,brio_cmp_003,brio_ad_010,brio_cr_010,58.3,3849,86,84,4,0,0,demo_synthetic
2026-09-06,brio,brio_cmp_003,brio_ad_010,brio_cr_010,46.07,2737,56,53,4,2,1030.38,demo_synthetic
2026-09-07,brio,brio_cmp_003,brio_ad_010,brio_cr_010,71.93,5243,104,99,11,2,1020.53,demo_synthetic
2026-09-08,brio,brio_cmp_003,brio_ad_010,brio_cr_010,53.26,3087,60,53,1,1,515.37,demo_synthetic
2026-09-09,brio,brio_cmp_003,brio_ad_010,brio_cr_010,66.61,4503,93,85,5,0,0,demo_synthetic
2026-09-10,brio,brio_cmp_003,brio_ad_010,brio_cr_010,47.84,2851,55,49,6,0,0,demo_synthetic
2026-09-11,brio,brio_cmp_003,brio_ad_010,brio_cr_010,58.77,3667,52,49,3,0,0,demo_synthetic
2026-09-12,brio,brio_cmp_003,brio_ad_010,brio_cr_010,65.38,4378,68,63,4,1,413.63,demo_synthetic
2026-09-13,brio,brio_cmp_003,brio_ad_010,brio_cr_010,47.62,3219,53,52,1,1,578.7,demo_synthetic
2026-07-16,brio,brio_cmp_003,brio_ad_011,brio_cr_011,56.72,4100,55,48,4,0,0,demo_synthetic
2026-07-17,brio,brio_cmp_003,brio_ad_011,brio_cr_011,55.44,3820,52,49,6,1,538.64,demo_synthetic
2026-07-18,brio,brio_cmp_003,brio_ad_011,brio_cr_011,50.91,3515,67,57,3,0,0,demo_synthetic
2026-07-19,brio,brio_cmp_003,brio_ad_011,brio_cr_011,53.44,3800,55,52,4,0,0,demo_synthetic
2026-07-20,brio,brio_cmp_003,brio_ad_011,brio_cr_011,46.3,3328,70,65,3,0,0,demo_synthetic
2026-07-21,brio,brio_cmp_003,brio_ad_011,brio_cr_011,45.39,3302,44,42,4,0,0,demo_synthetic
2026-07-22,brio,brio_cmp_003,brio_ad_011,brio_cr_011,53.0,3585,76,72,1,1,491.4,demo_synthetic
2026-07-23,brio,brio_cmp_003,brio_ad_011,brio_cr_011,49.7,3783,67,60,7,0,0,demo_synthetic
2026-07-24,brio,brio_cmp_003,brio_ad_011,brio_cr_011,71.11,5265,81,74,6,0,0,demo_synthetic
2026-07-25,brio,brio_cmp_003,brio_ad_011,brio_cr_011,47.05,3623,67,64,6,0,0,demo_synthetic
2026-07-26,brio,brio_cmp_003,brio_ad_011,brio_cr_011,50.14,3845,66,60,4,0,0,demo_synthetic
2026-07-27,brio,brio_cmp_003,brio_ad_011,brio_cr_011,60.48,4387,86,78,5,2,985.56,demo_synthetic
2026-07-28,brio,brio_cmp_003,brio_ad_011,brio_cr_011,49.69,3222,41,37,1,0,0,demo_synthetic
2026-07-29,brio,brio_cmp_003,brio_ad_011,brio_cr_011,48.5,3614,73,64,6,1,545.01,demo_synthetic
2026-07-30,brio,brio_cmp_003,brio_ad_011,brio_cr_011,55.53,4784,103,97,8,0,0,demo_synthetic
2026-07-31,brio,brio_cmp_003,brio_ad_011,brio_cr_011,53.46,3673,79,74,3,0,0,demo_synthetic
2026-08-01,brio,brio_cmp_003,brio_ad_011,brio_cr_011,55.49,4484,110,96,5,1,464.71,demo_synthetic
2026-08-02,brio,brio_cmp_003,brio_ad_011,brio_cr_011,48.86,3433,68,59,4,0,0,demo_synthetic
2026-08-03,brio,brio_cmp_003,brio_ad_011,brio_cr_011,51.19,3427,59,56,5,0,0,demo_synthetic
2026-08-04,brio,brio_cmp_003,brio_ad_011,brio_cr_011,40.72,3164,69,66,4,0,0,demo_synthetic
2026-08-05,brio,brio_cmp_003,brio_ad_011,brio_cr_011,54.8,4086,84,74,4,0,0,demo_synthetic
2026-08-06,brio,brio_cmp_003,brio_ad_011,brio_cr_011,47.29,3178,58,55,5,1,513.9,demo_synthetic
2026-08-07,brio,brio_cmp_003,brio_ad_011,brio_cr_011,48.68,3569,58,52,6,0,0,demo_synthetic
2026-08-08,brio,brio_cmp_003,brio_ad_011,brio_cr_011,43.37,3824,102,95,5,1,514.37,demo_synthetic
2026-08-09,brio,brio_cmp_003,brio_ad_011,brio_cr_011,65.57,4656,85,76,6,0,0,demo_synthetic
2026-08-10,brio,brio_cmp_003,brio_ad_011,brio_cr_011,43.08,3170,48,43,3,0,0,demo_synthetic
2026-08-11,brio,brio_cmp_003,brio_ad_011,brio_cr_011,50.77,3812,71,70,7,1,562.46,demo_synthetic
2026-08-12,brio,brio_cmp_003,brio_ad_011,brio_cr_011,42.23,2779,48,43,3,0,0,demo_synthetic
2026-08-13,brio,brio_cmp_003,brio_ad_011,brio_cr_011,52.35,3527,68,62,4,1,502.02,demo_synthetic
2026-08-14,brio,brio_cmp_003,brio_ad_011,brio_cr_011,48.44,3672,46,44,2,1,480.7,demo_synthetic
2026-08-15,brio,brio_cmp_003,brio_ad_011,brio_cr_011,54.23,4060,50,45,2,0,0,demo_synthetic
2026-08-16,brio,brio_cmp_003,brio_ad_011,brio_cr_011,46.84,3594,78,74,3,0,0,demo_synthetic
2026-08-17,brio,brio_cmp_003,brio_ad_011,brio_cr_011,53.09,4273,68,65,3,0,0,demo_synthetic
2026-08-18,brio,brio_cmp_003,brio_ad_011,brio_cr_011,51.95,4264,52,50,1,0,0,demo_synthetic
2026-08-19,brio,brio_cmp_003,brio_ad_011,brio_cr_011,51.42,4023,67,64,6,1,562.63,demo_synthetic
2026-08-20,brio,brio_cmp_003,brio_ad_011,brio_cr_011,70.2,5307,77,72,2,1,587.32,demo_synthetic
2026-08-21,brio,brio_cmp_003,brio_ad_011,brio_cr_011,52.57,3844,64,57,4,0,0,demo_synthetic
2026-08-22,brio,brio_cmp_003,brio_ad_011,brio_cr_011,50.16,3584,61,53,4,1,445.96,demo_synthetic
2026-08-23,brio,brio_cmp_003,brio_ad_011,brio_cr_011,67.76,5646,100,85,5,0,0,demo_synthetic
2026-08-24,brio,brio_cmp_003,brio_ad_011,brio_cr_011,53.27,4124,86,76,6,0,0,demo_synthetic
2026-08-25,brio,brio_cmp_003,brio_ad_011,brio_cr_011,51.52,3524,63,51,4,0,0,demo_synthetic
2026-08-26,brio,brio_cmp_003,brio_ad_011,brio_cr_011,67.78,4345,59,52,2,0,0,demo_synthetic
2026-08-27,brio,brio_cmp_003,brio_ad_011,brio_cr_011,57.77,4828,81,77,8,0,0,demo_synthetic
2026-08-28,brio,brio_cmp_003,brio_ad_011,brio_cr_011,54.96,3464,68,65,6,0,0,demo_synthetic
2026-08-29,brio,brio_cmp_003,brio_ad_011,brio_cr_011,50.52,3940,73,69,12,0,0,demo_synthetic
2026-08-30,brio,brio_cmp_003,brio_ad_011,brio_cr_011,77.3,5906,102,93,8,0,0,demo_synthetic
2026-08-31,brio,brio_cmp_003,brio_ad_011,brio_cr_011,51.35,3536,60,51,4,0,0,demo_synthetic
2026-09-01,brio,brio_cmp_003,brio_ad_011,brio_cr_011,53.29,4202,56,52,4,0,0,demo_synthetic
2026-09-02,brio,brio_cmp_003,brio_ad_011,brio_cr_011,56.53,3633,71,58,5,0,0,demo_synthetic
2026-09-03,brio,brio_cmp_003,brio_ad_011,brio_cr_011,49.11,3263,67,62,8,2,938.04,demo_synthetic
2026-09-04,brio,brio_cmp_003,brio_ad_011,brio_cr_011,44.93,3397,65,60,7,0,0,demo_synthetic
2026-09-05,brio,brio_cmp_003,brio_ad_011,brio_cr_011,51.43,3742,77,72,7,2,979.89,demo_synthetic
2026-09-06,brio,brio_cmp_003,brio_ad_011,brio_cr_011,46.62,2919,56,53,6,1,412.61,demo_synthetic
2026-09-07,brio,brio_cmp_003,brio_ad_011,brio_cr_011,49.66,3356,54,51,5,1,528.86,demo_synthetic
2026-09-08,brio,brio_cmp_003,brio_ad_011,brio_cr_011,40.9,2884,61,53,4,0,0,demo_synthetic
2026-09-09,brio,brio_cmp_003,brio_ad_011,brio_cr_011,49.29,3626,72,66,6,1,506.38,demo_synthetic
2026-09-10,brio,brio_cmp_003,brio_ad_011,brio_cr_011,48.21,3601,50,46,2,0,0,demo_synthetic
2026-09-11,brio,brio_cmp_003,brio_ad_011,brio_cr_011,47.05,3940,73,61,5,0,0,demo_synthetic
2026-09-12,brio,brio_cmp_003,brio_ad_011,brio_cr_011,49.74,3314,53,51,3,0,0,demo_synthetic
2026-09-13,brio,brio_cmp_003,brio_ad_011,brio_cr_011,55.86,4309,79,75,6,0,0,demo_synthetic
2026-07-16,brio,brio_cmp_003,brio_ad_012,brio_cr_012,56.29,3978,64,57,3,0,0,demo_synthetic
2026-07-17,brio,brio_cmp_003,brio_ad_012,brio_cr_012,47.8,3357,45,40,2,0,0,demo_synthetic
2026-07-18,brio,brio_cmp_003,brio_ad_012,brio_cr_012,50.23,3657,64,54,6,0,0,demo_synthetic
2026-07-19,brio,brio_cmp_003,brio_ad_012,brio_cr_012,57.25,4681,82,74,8,0,0,demo_synthetic
2026-07-20,brio,brio_cmp_003,brio_ad_012,brio_cr_012,60.95,4616,99,94,7,0,0,demo_synthetic
2026-07-21,brio,brio_cmp_003,brio_ad_012,brio_cr_012,53.69,3897,65,62,8,0,0,demo_synthetic
2026-07-22,brio,brio_cmp_003,brio_ad_012,brio_cr_012,51.99,3976,52,44,1,0,0,demo_synthetic
2026-07-23,brio,brio_cmp_003,brio_ad_012,brio_cr_012,46.69,3661,65,60,4,1,495.58,demo_synthetic
2026-07-24,brio,brio_cmp_003,brio_ad_012,brio_cr_012,55.06,3612,61,58,2,0,0,demo_synthetic
2026-07-25,brio,brio_cmp_003,brio_ad_012,brio_cr_012,50.93,3556,60,58,5,1,581.56,demo_synthetic
2026-07-26,brio,brio_cmp_003,brio_ad_012,brio_cr_012,57.34,3942,66,58,1,0,0,demo_synthetic
2026-07-27,brio,brio_cmp_003,brio_ad_012,brio_cr_012,53.67,3878,72,59,3,0,0,demo_synthetic
2026-07-28,brio,brio_cmp_003,brio_ad_012,brio_cr_012,60.63,4118,63,56,6,0,0,demo_synthetic
2026-07-29,brio,brio_cmp_003,brio_ad_012,brio_cr_012,54.33,3895,63,56,4,0,0,demo_synthetic
2026-07-30,brio,brio_cmp_003,brio_ad_012,brio_cr_012,49.78,4037,61,52,5,0,0,demo_synthetic
2026-07-31,brio,brio_cmp_003,brio_ad_012,brio_cr_012,53.16,4200,73,66,4,0,0,demo_synthetic
2026-08-01,brio,brio_cmp_003,brio_ad_012,brio_cr_012,51.7,3905,78,75,6,0,0,demo_synthetic
2026-08-02,brio,brio_cmp_003,brio_ad_012,brio_cr_012,48.94,3367,51,49,1,0,0,demo_synthetic
2026-08-03,brio,brio_cmp_003,brio_ad_012,brio_cr_012,52.94,3736,68,61,3,0,0,demo_synthetic
2026-08-04,brio,brio_cmp_003,brio_ad_012,brio_cr_012,46.51,3289,62,52,2,1,424.78,demo_synthetic
2026-08-05,brio,brio_cmp_003,brio_ad_012,brio_cr_012,63.06,4624,76,70,3,0,0,demo_synthetic
2026-08-06,brio,brio_cmp_003,brio_ad_012,brio_cr_012,57.66,4334,76,68,7,0,0,demo_synthetic
2026-08-07,brio,brio_cmp_003,brio_ad_012,brio_cr_012,55.33,3877,64,59,5,0,0,demo_synthetic
2026-08-08,brio,brio_cmp_003,brio_ad_012,brio_cr_012,59.83,4991,106,96,3,0,0,demo_synthetic
2026-08-09,brio,brio_cmp_003,brio_ad_012,brio_cr_012,66.99,5392,92,82,4,2,1069.16,demo_synthetic
2026-08-10,brio,brio_cmp_003,brio_ad_012,brio_cr_012,45.78,3545,55,45,2,1,490.36,demo_synthetic
2026-08-11,brio,brio_cmp_003,brio_ad_012,brio_cr_012,56.76,4126,73,70,5,0,0,demo_synthetic
2026-08-12,brio,brio_cmp_003,brio_ad_012,brio_cr_012,60.87,4490,75,71,6,1,474.51,demo_synthetic
2026-08-13,brio,brio_cmp_003,brio_ad_012,brio_cr_012,53.76,3946,48,41,2,0,0,demo_synthetic
2026-08-14,brio,brio_cmp_003,brio_ad_012,brio_cr_012,46.41,3884,69,62,5,0,0,demo_synthetic
2026-08-15,brio,brio_cmp_003,brio_ad_012,brio_cr_012,52.91,3672,59,53,2,1,513.49,demo_synthetic
2026-08-16,brio,brio_cmp_003,brio_ad_012,brio_cr_012,57.11,4187,80,65,4,0,0,demo_synthetic
2026-08-17,brio,brio_cmp_003,brio_ad_012,brio_cr_012,40.73,2866,47,44,2,0,0,demo_synthetic
2026-08-18,brio,brio_cmp_003,brio_ad_012,brio_cr_012,52.86,3627,57,51,4,0,0,demo_synthetic
2026-08-19,brio,brio_cmp_003,brio_ad_012,brio_cr_012,55.43,4082,53,46,4,2,946.27,demo_synthetic
2026-08-20,brio,brio_cmp_003,brio_ad_012,brio_cr_012,52.17,4387,66,62,1,2,1012.73,demo_synthetic
2026-08-21,brio,brio_cmp_003,brio_ad_012,brio_cr_012,64.88,4701,95,86,6,0,0,demo_synthetic
2026-08-22,brio,brio_cmp_003,brio_ad_012,brio_cr_012,48.3,3464,68,58,10,0,0,demo_synthetic
2026-08-23,brio,brio_cmp_003,brio_ad_012,brio_cr_012,48.63,3437,63,57,5,0,0,demo_synthetic
2026-08-24,brio,brio_cmp_003,brio_ad_012,brio_cr_012,55.06,4431,63,55,3,1,516.07,demo_synthetic
2026-08-25,brio,brio_cmp_003,brio_ad_012,brio_cr_012,57.95,4324,54,48,2,0,0,demo_synthetic
2026-08-26,brio,brio_cmp_003,brio_ad_012,brio_cr_012,41.47,2925,32,28,0,0,0,demo_synthetic
2026-08-27,brio,brio_cmp_003,brio_ad_012,brio_cr_012,58.92,3777,61,53,4,1,498.86,demo_synthetic
2026-08-28,brio,brio_cmp_003,brio_ad_012,brio_cr_012,60.78,4905,76,66,9,0,0,demo_synthetic
2026-08-29,brio,brio_cmp_003,brio_ad_012,brio_cr_012,59.8,4340,53,45,5,0,0,demo_synthetic
2026-08-30,brio,brio_cmp_003,brio_ad_012,brio_cr_012,47.19,3186,56,51,4,0,0,demo_synthetic
2026-08-31,brio,brio_cmp_003,brio_ad_012,brio_cr_012,66.77,4586,65,56,4,0,0,demo_synthetic
2026-09-01,brio,brio_cmp_003,brio_ad_012,brio_cr_012,57.16,4063,70,61,8,0,0,demo_synthetic
2026-09-02,brio,brio_cmp_003,brio_ad_012,brio_cr_012,56.0,3863,67,59,8,0,0,demo_synthetic
2026-09-03,brio,brio_cmp_003,brio_ad_012,brio_cr_012,50.94,3721,61,59,4,0,0,demo_synthetic
2026-09-04,brio,brio_cmp_003,brio_ad_012,brio_cr_012,47.98,3629,57,54,7,2,1006.67,demo_synthetic
2026-09-05,brio,brio_cmp_003,brio_ad_012,brio_cr_012,59.72,4162,56,47,4,0,0,demo_synthetic
2026-09-06,brio,brio_cmp_003,brio_ad_012,brio_cr_012,60.28,4021,61,56,2,1,533.21,demo_synthetic
2026-09-07,brio,brio_cmp_003,brio_ad_012,brio_cr_012,54.54,4122,64,62,4,1,481.68,demo_synthetic
2026-09-08,brio,brio_cmp_003,brio_ad_012,brio_cr_012,52.88,3842,87,79,6,0,0,demo_synthetic
2026-09-09,brio,brio_cmp_003,brio_ad_012,brio_cr_012,57.05,3768,67,62,3,0,0,demo_synthetic
2026-09-10,brio,brio_cmp_003,brio_ad_012,brio_cr_012,53.39,3584,78,69,7,0,0,demo_synthetic
2026-09-11,brio,brio_cmp_003,brio_ad_012,brio_cr_012,59.09,4828,78,68,4,0,0,demo_synthetic
2026-09-12,brio,brio_cmp_003,brio_ad_012,brio_cr_012,58.61,4808,84,76,3,1,472.42,demo_synthetic
2026-09-13,brio,brio_cmp_003,brio_ad_012,brio_cr_012,63.17,4405,73,65,2,1,476.35,demo_synthetic
2026-07-16,brio,brio_cmp_004,brio_ad_013,brio_cr_013,32.02,2054,38,30,2,0,0,demo_synthetic
2026-07-17,brio,brio_cmp_004,brio_ad_013,brio_cr_013,33.36,2255,34,34,0,0,0,demo_synthetic
2026-07-18,brio,brio_cmp_004,brio_ad_013,brio_cr_013,36.13,2667,31,28,1,0,0,demo_synthetic
2026-07-19,brio,brio_cmp_004,brio_ad_013,brio_cr_013,35.91,2470,40,37,1,0,0,demo_synthetic
2026-07-20,brio,brio_cmp_004,brio_ad_013,brio_cr_013,33.79,2345,38,31,2,2,451.21,demo_synthetic
2026-07-21,brio,brio_cmp_004,brio_ad_013,brio_cr_013,36.22,2727,40,38,4,0,0,demo_synthetic
2026-07-22,brio,brio_cmp_004,brio_ad_013,brio_cr_013,30.87,2272,41,39,4,1,217.9,demo_synthetic
2026-07-23,brio,brio_cmp_004,brio_ad_013,brio_cr_013,37.08,2644,42,36,3,0,0,demo_synthetic
2026-07-24,brio,brio_cmp_004,brio_ad_013,brio_cr_013,37.87,2529,50,46,2,0,0,demo_synthetic
2026-07-25,brio,brio_cmp_004,brio_ad_013,brio_cr_013,42.12,2775,52,48,2,0,0,demo_synthetic
2026-07-26,brio,brio_cmp_004,brio_ad_013,brio_cr_013,43.72,3749,78,74,3,1,220.62,demo_synthetic
2026-07-27,brio,brio_cmp_004,brio_ad_013,brio_cr_013,34.69,2441,45,42,2,0,0,demo_synthetic
2026-07-28,brio,brio_cmp_004,brio_ad_013,brio_cr_013,36.56,2736,51,42,2,0,0,demo_synthetic
2026-07-29,brio,brio_cmp_004,brio_ad_013,brio_cr_013,39.63,2812,55,51,5,2,439.37,demo_synthetic
2026-07-30,brio,brio_cmp_004,brio_ad_013,brio_cr_013,33.2,2153,35,31,1,0,0,demo_synthetic
2026-07-31,brio,brio_cmp_004,brio_ad_013,brio_cr_013,32.98,2370,43,38,6,1,216.82,demo_synthetic
2026-08-01,brio,brio_cmp_004,brio_ad_013,brio_cr_013,38.89,3170,50,46,3,1,247.01,demo_synthetic
2026-08-02,brio,brio_cmp_004,brio_ad_013,brio_cr_013,36.58,3012,53,44,2,0,0,demo_synthetic
2026-08-03,brio,brio_cmp_004,brio_ad_013,brio_cr_013,34.81,3335,59,52,2,0,0,demo_synthetic
2026-08-04,brio,brio_cmp_004,brio_ad_013,brio_cr_013,38.46,2672,56,53,3,0,0,demo_synthetic
2026-08-05,brio,brio_cmp_004,brio_ad_013,brio_cr_013,45.47,3237,44,39,2,0,0,demo_synthetic
2026-08-06,brio,brio_cmp_004,brio_ad_013,brio_cr_013,25.18,1880,35,32,2,1,226.94,demo_synthetic
2026-08-07,brio,brio_cmp_004,brio_ad_013,brio_cr_013,32.62,2507,39,35,2,1,244.16,demo_synthetic
2026-08-08,brio,brio_cmp_004,brio_ad_013,brio_cr_013,32.22,2251,44,38,2,0,0,demo_synthetic
2026-08-09,brio,brio_cmp_004,brio_ad_013,brio_cr_013,41.63,3023,59,55,5,3,606.49,demo_synthetic
2026-08-10,brio,brio_cmp_004,brio_ad_013,brio_cr_013,40.71,2953,54,50,2,1,226.1,demo_synthetic
2026-08-11,brio,brio_cmp_004,brio_ad_013,brio_cr_013,32.4,2213,59,53,4,0,0,demo_synthetic
2026-08-12,brio,brio_cmp_004,brio_ad_013,brio_cr_013,34.04,2457,42,39,2,0,0,demo_synthetic
2026-08-13,brio,brio_cmp_004,brio_ad_013,brio_cr_013,32.12,2158,24,23,2,0,0,demo_synthetic
2026-08-14,brio,brio_cmp_004,brio_ad_013,brio_cr_013,32.79,2110,41,38,3,0,0,demo_synthetic
2026-08-15,brio,brio_cmp_004,brio_ad_013,brio_cr_013,43.12,3102,60,55,5,0,0,demo_synthetic
2026-08-16,brio,brio_cmp_004,brio_ad_013,brio_cr_013,34.2,2312,36,33,4,0,0,demo_synthetic
2026-08-17,brio,brio_cmp_004,brio_ad_013,brio_cr_013,37.79,2641,32,30,2,1,213.62,demo_synthetic
2026-08-18,brio,brio_cmp_004,brio_ad_013,brio_cr_013,35.18,2763,62,53,2,1,206.94,demo_synthetic
2026-08-19,brio,brio_cmp_004,brio_ad_013,brio_cr_013,30.03,2166,52,50,3,0,0,demo_synthetic
2026-08-20,brio,brio_cmp_004,brio_ad_013,brio_cr_013,33.85,2425,51,46,1,0,0,demo_synthetic
2026-08-21,brio,brio_cmp_004,brio_ad_013,brio_cr_013,37.89,2665,52,49,4,0,0,demo_synthetic
2026-08-22,brio,brio_cmp_004,brio_ad_013,brio_cr_013,43.25,3222,52,49,4,0,0,demo_synthetic
2026-08-23,brio,brio_cmp_004,brio_ad_013,brio_cr_013,34.55,2446,45,39,4,1,218.23,demo_synthetic
2026-08-24,brio,brio_cmp_004,brio_ad_013,brio_cr_013,38.54,2957,47,42,3,0,0,demo_synthetic
2026-08-25,brio,brio_cmp_004,brio_ad_013,brio_cr_013,36.65,2802,53,48,2,1,231.87,demo_synthetic
2026-08-26,brio,brio_cmp_004,brio_ad_013,brio_cr_013,36.03,2499,51,43,3,2,420.38,demo_synthetic
2026-08-27,brio,brio_cmp_004,brio_ad_013,brio_cr_013,33.35,2304,44,37,2,0,0,demo_synthetic
2026-08-28,brio,brio_cmp_004,brio_ad_013,brio_cr_013,34.68,2272,39,38,1,1,218.22,demo_synthetic
2026-08-29,brio,brio_cmp_004,brio_ad_013,brio_cr_013,36.36,2717,33,26,3,0,0,demo_synthetic
2026-08-30,brio,brio_cmp_004,brio_ad_013,brio_cr_013,29.29,2114,36,34,5,0,0,demo_synthetic
2026-08-31,brio,brio_cmp_004,brio_ad_013,brio_cr_013,37.64,2668,51,48,2,0,0,demo_synthetic
2026-09-01,brio,brio_cmp_004,brio_ad_013,brio_cr_013,39.12,3067,52,51,2,1,227.71,demo_synthetic
2026-09-02,brio,brio_cmp_004,brio_ad_013,brio_cr_013,32.76,2502,42,39,4,0,0,demo_synthetic
2026-09-03,brio,brio_cmp_004,brio_ad_013,brio_cr_013,35.42,2453,39,34,0,0,0,demo_synthetic
2026-09-04,brio,brio_cmp_004,brio_ad_013,brio_cr_013,36.6,2859,60,57,0,0,0,demo_synthetic
2026-09-05,brio,brio_cmp_004,brio_ad_013,brio_cr_013,37.88,2684,45,44,3,0,0,demo_synthetic
2026-09-06,brio,brio_cmp_004,brio_ad_013,brio_cr_013,34.1,2391,42,36,2,0,0,demo_synthetic
2026-09-07,brio,brio_cmp_004,brio_ad_013,brio_cr_013,38.37,2586,41,41,5,1,219.44,demo_synthetic
2026-09-08,brio,brio_cmp_004,brio_ad_013,brio_cr_013,33.47,2515,41,35,0,1,236.83,demo_synthetic
2026-09-09,brio,brio_cmp_004,brio_ad_013,brio_cr_013,33.16,2494,52,49,6,0,0,demo_synthetic
2026-09-10,brio,brio_cmp_004,brio_ad_013,brio_cr_013,39.93,2598,46,43,3,0,0,demo_synthetic
2026-09-11,brio,brio_cmp_004,brio_ad_013,brio_cr_013,28.76,2020,39,34,3,0,0,demo_synthetic
2026-09-12,brio,brio_cmp_004,brio_ad_013,brio_cr_013,41.82,2966,56,55,4,0,0,demo_synthetic
2026-09-13,brio,brio_cmp_004,brio_ad_013,brio_cr_013,35.03,2742,41,35,6,0,0,demo_synthetic
2026-07-16,brio,brio_cmp_004,brio_ad_014,brio_cr_014,32.5,1997,27,26,0,0,0,demo_synthetic
2026-07-17,brio,brio_cmp_004,brio_ad_014,brio_cr_014,32.95,2241,42,38,2,0,0,demo_synthetic
2026-07-18,brio,brio_cmp_004,brio_ad_014,brio_cr_014,36.38,2675,41,34,4,0,0,demo_synthetic
2026-07-19,brio,brio_cmp_004,brio_ad_014,brio_cr_014,35.86,2355,30,28,1,0,0,demo_synthetic
2026-07-20,brio,brio_cmp_004,brio_ad_014,brio_cr_014,38.7,2116,38,34,0,1,226.13,demo_synthetic
2026-07-21,brio,brio_cmp_004,brio_ad_014,brio_cr_014,38.03,2589,32,27,2,0,0,demo_synthetic
2026-07-22,brio,brio_cmp_004,brio_ad_014,brio_cr_014,35.16,2121,33,31,0,1,196.83,demo_synthetic
2026-07-23,brio,brio_cmp_004,brio_ad_014,brio_cr_014,37.97,2171,36,35,2,0,0,demo_synthetic
2026-07-24,brio,brio_cmp_004,brio_ad_014,brio_cr_014,36.01,2269,31,29,0,0,0,demo_synthetic
2026-07-25,brio,brio_cmp_004,brio_ad_014,brio_cr_014,39.03,2425,32,32,4,0,0,demo_synthetic
2026-07-26,brio,brio_cmp_004,brio_ad_014,brio_cr_014,41.52,2261,29,28,2,0,0,demo_synthetic
2026-07-27,brio,brio_cmp_004,brio_ad_014,brio_cr_014,37.94,2582,50,50,4,0,0,demo_synthetic
2026-07-28,brio,brio_cmp_004,brio_ad_014,brio_cr_014,31.11,1737,36,35,4,0,0,demo_synthetic
2026-07-29,brio,brio_cmp_004,brio_ad_014,brio_cr_014,36.12,2258,51,45,4,0,0,demo_synthetic
2026-07-30,brio,brio_cmp_004,brio_ad_014,brio_cr_014,42.54,2615,46,42,3,0,0,demo_synthetic
2026-07-31,brio,brio_cmp_004,brio_ad_014,brio_cr_014,34.76,2232,33,32,1,0,0,demo_synthetic
2026-08-01,brio,brio_cmp_004,brio_ad_014,brio_cr_014,35.91,1981,37,34,4,0,0,demo_synthetic
2026-08-02,brio,brio_cmp_004,brio_ad_014,brio_cr_014,46.23,3110,52,44,2,1,245.11,demo_synthetic
2026-08-03,brio,brio_cmp_004,brio_ad_014,brio_cr_014,35.39,2021,39,38,3,0,0,demo_synthetic
2026-08-04,brio,brio_cmp_004,brio_ad_014,brio_cr_014,44.2,2824,57,50,5,0,0,demo_synthetic
2026-08-05,brio,brio_cmp_004,brio_ad_014,brio_cr_014,37.6,2246,26,21,3,0,0,demo_synthetic
2026-08-06,brio,brio_cmp_004,brio_ad_014,brio_cr_014,34.8,1899,38,33,1,0,0,demo_synthetic
2026-08-07,brio,brio_cmp_004,brio_ad_014,brio_cr_014,39.48,2448,33,27,2,0,0,demo_synthetic
2026-08-08,brio,brio_cmp_004,brio_ad_014,brio_cr_014,35.87,2202,43,41,2,0,0,demo_synthetic
2026-08-09,brio,brio_cmp_004,brio_ad_014,brio_cr_014,44.98,2728,38,36,0,1,228.9,demo_synthetic
2026-08-10,brio,brio_cmp_004,brio_ad_014,brio_cr_014,38.8,2775,48,42,8,0,0,demo_synthetic
2026-08-11,brio,brio_cmp_004,brio_ad_014,brio_cr_014,28.72,1758,31,30,1,0,0,demo_synthetic
2026-08-12,brio,brio_cmp_004,brio_ad_014,brio_cr_014,37.79,2230,39,35,0,0,0,demo_synthetic
2026-08-13,brio,brio_cmp_004,brio_ad_014,brio_cr_014,35.04,2200,36,30,0,0,0,demo_synthetic
2026-08-14,brio,brio_cmp_004,brio_ad_014,brio_cr_014,39.73,2255,35,33,0,0,0,demo_synthetic
2026-08-15,brio,brio_cmp_004,brio_ad_014,brio_cr_014,41.1,2516,39,35,2,0,0,demo_synthetic
2026-08-16,brio,brio_cmp_004,brio_ad_014,brio_cr_014,41.42,2362,41,38,1,0,0,demo_synthetic
2026-08-17,brio,brio_cmp_004,brio_ad_014,brio_cr_014,36.68,2425,36,33,3,0,0,demo_synthetic
2026-08-18,brio,brio_cmp_004,brio_ad_014,brio_cr_014,36.67,1987,30,25,3,0,0,demo_synthetic
2026-08-19,brio,brio_cmp_004,brio_ad_014,brio_cr_014,46.97,2876,44,43,3,1,197.55,demo_synthetic
2026-08-20,brio,brio_cmp_004,brio_ad_014,brio_cr_014,37.54,2202,26,23,0,0,0,demo_synthetic
2026-08-21,brio,brio_cmp_004,brio_ad_014,brio_cr_014,36.67,2041,30,28,1,0,0,demo_synthetic
2026-08-22,brio,brio_cmp_004,brio_ad_014,brio_cr_014,39.25,2447,39,32,3,0,0,demo_synthetic
2026-08-23,brio,brio_cmp_004,brio_ad_014,brio_cr_014,47.79,2567,47,40,3,0,0,demo_synthetic
2026-08-24,brio,brio_cmp_004,brio_ad_014,brio_cr_014,35.34,1955,28,26,2,0,0,demo_synthetic
2026-08-25,brio,brio_cmp_004,brio_ad_014,brio_cr_014,31.79,2027,31,29,0,0,0,demo_synthetic
2026-08-26,brio,brio_cmp_004,brio_ad_014,brio_cr_014,41.6,2521,48,45,1,2,431.96,demo_synthetic
2026-08-27,brio,brio_cmp_004,brio_ad_014,brio_cr_014,35.53,2095,32,26,1,0,0,demo_synthetic
2026-08-28,brio,brio_cmp_004,brio_ad_014,brio_cr_014,32.45,1840,25,25,1,0,0,demo_synthetic
2026-08-29,brio,brio_cmp_004,brio_ad_014,brio_cr_014,33.19,1875,21,18,2,0,0,demo_synthetic
2026-08-30,brio,brio_cmp_004,brio_ad_014,brio_cr_014,39.16,2493,39,33,2,0,0,demo_synthetic
2026-08-31,brio,brio_cmp_004,brio_ad_014,brio_cr_014,34.86,2048,26,24,0,0,0,demo_synthetic
2026-09-01,brio,brio_cmp_004,brio_ad_014,brio_cr_014,32.34,1868,30,28,2,0,0,demo_synthetic
2026-09-02,brio,brio_cmp_004,brio_ad_014,brio_cr_014,32.99,2136,29,26,2,0,0,demo_synthetic
2026-09-03,brio,brio_cmp_004,brio_ad_014,brio_cr_014,42.11,2703,42,40,1,1,239.07,demo_synthetic
2026-09-04,brio,brio_cmp_004,brio_ad_014,brio_cr_014,28.92,1616,28,22,0,1,213.19,demo_synthetic
2026-09-05,brio,brio_cmp_004,brio_ad_014,brio_cr_014,32.32,1839,32,30,0,0,0,demo_synthetic
2026-09-06,brio,brio_cmp_004,brio_ad_014,brio_cr_014,42.82,2689,49,41,2,0,0,demo_synthetic
2026-09-07,brio,brio_cmp_004,brio_ad_014,brio_cr_014,31.66,1890,22,20,2,0,0,demo_synthetic
2026-09-08,brio,brio_cmp_004,brio_ad_014,brio_cr_014,34.42,1978,36,33,2,0,0,demo_synthetic
2026-09-09,brio,brio_cmp_004,brio_ad_014,brio_cr_014,38.6,2380,37,30,1,0,0,demo_synthetic
2026-09-10,brio,brio_cmp_004,brio_ad_014,brio_cr_014,37.74,2223,37,34,2,0,0,demo_synthetic
2026-09-11,brio,brio_cmp_004,brio_ad_014,brio_cr_014,33.75,1991,49,44,4,0,0,demo_synthetic
2026-09-12,brio,brio_cmp_004,brio_ad_014,brio_cr_014,42.22,2648,39,36,2,0,0,demo_synthetic
2026-09-13,brio,brio_cmp_004,brio_ad_014,brio_cr_014,35.91,2354,42,36,1,0,0,demo_synthetic
2026-07-16,brio,brio_cmp_004,brio_ad_015,brio_cr_015,35.63,2759,72,68,3,0,0,demo_synthetic
2026-07-17,brio,brio_cmp_004,brio_ad_015,brio_cr_015,36.26,2914,52,40,1,1,241.77,demo_synthetic
2026-07-18,brio,brio_cmp_004,brio_ad_015,brio_cr_015,35.08,2644,62,57,5,0,0,demo_synthetic
2026-07-19,brio,brio_cmp_004,brio_ad_015,brio_cr_015,32.92,2929,50,43,2,0,0,demo_synthetic
2026-07-20,brio,brio_cmp_004,brio_ad_015,brio_cr_015,41.5,3471,63,59,2,2,454.96,demo_synthetic
2026-07-21,brio,brio_cmp_004,brio_ad_015,brio_cr_015,33.01,2493,70,66,6,0,0,demo_synthetic
2026-07-22,brio,brio_cmp_004,brio_ad_015,brio_cr_015,38.55,3451,69,65,6,1,208.02,demo_synthetic
2026-07-23,brio,brio_cmp_004,brio_ad_015,brio_cr_015,28.36,2246,47,44,2,0,0,demo_synthetic
2026-07-24,brio,brio_cmp_004,brio_ad_015,brio_cr_015,35.05,2758,57,55,4,0,0,demo_synthetic
2026-07-25,brio,brio_cmp_004,brio_ad_015,brio_cr_015,34.7,2981,54,51,2,0,0,demo_synthetic
2026-07-26,brio,brio_cmp_004,brio_ad_015,brio_cr_015,33.92,2547,66,62,4,1,232.16,demo_synthetic
2026-07-27,brio,brio_cmp_004,brio_ad_015,brio_cr_015,30.8,2286,42,39,3,0,0,demo_synthetic
2026-07-28,brio,brio_cmp_004,brio_ad_015,brio_cr_015,40.57,3515,82,78,12,1,234.0,demo_synthetic
2026-07-29,brio,brio_cmp_004,brio_ad_015,brio_cr_015,43.24,3193,51,47,5,0,0,demo_synthetic
2026-07-30,brio,brio_cmp_004,brio_ad_015,brio_cr_015,38.27,3013,73,68,4,0,0,demo_synthetic
2026-07-31,brio,brio_cmp_004,brio_ad_015,brio_cr_015,33.41,2824,56,51,2,0,0,demo_synthetic
2026-08-01,brio,brio_cmp_004,brio_ad_015,brio_cr_015,42.11,3465,91,83,4,0,0,demo_synthetic
2026-08-02,brio,brio_cmp_004,brio_ad_015,brio_cr_015,33.15,2799,57,54,3,0,0,demo_synthetic
2026-08-03,brio,brio_cmp_004,brio_ad_015,brio_cr_015,27.78,2366,43,42,7,0,0,demo_synthetic
2026-08-04,brio,brio_cmp_004,brio_ad_015,brio_cr_015,33.78,2799,58,56,3,0,0,demo_synthetic
2026-08-05,brio,brio_cmp_004,brio_ad_015,brio_cr_015,32.68,2589,50,47,1,0,0,demo_synthetic
2026-08-06,brio,brio_cmp_004,brio_ad_015,brio_cr_015,34.95,2546,40,38,2,0,0,demo_synthetic
2026-08-07,brio,brio_cmp_004,brio_ad_015,brio_cr_015,37.13,3057,41,37,2,0,0,demo_synthetic
2026-08-08,brio,brio_cmp_004,brio_ad_015,brio_cr_015,40.31,3878,89,80,6,1,226.04,demo_synthetic
2026-08-09,brio,brio_cmp_004,brio_ad_015,brio_cr_015,29.2,2362,59,50,7,0,0,demo_synthetic
2026-08-10,brio,brio_cmp_004,brio_ad_015,brio_cr_015,38.5,3507,76,70,2,0,0,demo_synthetic
2026-08-11,brio,brio_cmp_004,brio_ad_015,brio_cr_015,35.42,2767,70,67,2,0,0,demo_synthetic
2026-08-12,brio,brio_cmp_004,brio_ad_015,brio_cr_015,31.27,2525,50,48,5,0,0,demo_synthetic
2026-08-13,brio,brio_cmp_004,brio_ad_015,brio_cr_015,36.08,2473,50,42,1,0,0,demo_synthetic
2026-08-14,brio,brio_cmp_004,brio_ad_015,brio_cr_015,29.32,2208,51,45,8,0,0,demo_synthetic
2026-08-15,brio,brio_cmp_004,brio_ad_015,brio_cr_015,39.17,3368,68,58,2,1,223.4,demo_synthetic
2026-08-16,brio,brio_cmp_004,brio_ad_015,brio_cr_015,32.98,2348,43,38,2,0,0,demo_synthetic
2026-08-17,brio,brio_cmp_004,brio_ad_015,brio_cr_015,36.33,2695,33,31,2,0,0,demo_synthetic
2026-08-18,brio,brio_cmp_004,brio_ad_015,brio_cr_015,39.31,3238,65,60,4,1,208.76,demo_synthetic
2026-08-19,brio,brio_cmp_004,brio_ad_015,brio_cr_015,34.34,2626,56,54,2,1,231.23,demo_synthetic
2026-08-20,brio,brio_cmp_004,brio_ad_015,brio_cr_015,37.09,2971,67,63,6,0,0,demo_synthetic
2026-08-21,brio,brio_cmp_004,brio_ad_015,brio_cr_015,39.83,3058,66,59,2,0,0,demo_synthetic
2026-08-22,brio,brio_cmp_004,brio_ad_015,brio_cr_015,35.13,2674,63,61,6,0,0,demo_synthetic
2026-08-23,brio,brio_cmp_004,brio_ad_015,brio_cr_015,38.04,3058,53,51,6,0,0,demo_synthetic
2026-08-24,brio,brio_cmp_004,brio_ad_015,brio_cr_015,39.13,3082,72,65,9,1,229.64,demo_synthetic
2026-08-25,brio,brio_cmp_004,brio_ad_015,brio_cr_015,39.22,3133,67,61,2,1,232.97,demo_synthetic
2026-08-26,brio,brio_cmp_004,brio_ad_015,brio_cr_015,35.82,3007,70,64,1,2,399.26,demo_synthetic
2026-08-27,brio,brio_cmp_004,brio_ad_015,brio_cr_015,37.95,2992,52,49,4,0,0,demo_synthetic
2026-08-28,brio,brio_cmp_004,brio_ad_015,brio_cr_015,35.09,3226,60,54,4,1,216.04,demo_synthetic
2026-08-29,brio,brio_cmp_004,brio_ad_015,brio_cr_015,40.71,3245,65,61,5,0,0,demo_synthetic
2026-08-30,brio,brio_cmp_004,brio_ad_015,brio_cr_015,39.35,2822,80,73,7,0,0,demo_synthetic
2026-08-31,brio,brio_cmp_004,brio_ad_015,brio_cr_015,31.63,2218,43,39,3,0,0,demo_synthetic
2026-09-01,brio,brio_cmp_004,brio_ad_015,brio_cr_015,29.16,2303,44,43,1,0,0,demo_synthetic
2026-09-02,brio,brio_cmp_004,brio_ad_015,brio_cr_015,38.12,3237,70,63,8,0,0,demo_synthetic
2026-09-03,brio,brio_cmp_004,brio_ad_015,brio_cr_015,32.31,2417,42,40,3,1,222.87,demo_synthetic
2026-09-04,brio,brio_cmp_004,brio_ad_015,brio_cr_015,31.89,2382,38,37,2,0,0,demo_synthetic
2026-09-05,brio,brio_cmp_004,brio_ad_015,brio_cr_015,41.76,3225,74,71,3,2,407.85,demo_synthetic
2026-09-06,brio,brio_cmp_004,brio_ad_015,brio_cr_015,38.44,3330,58,54,3,0,0,demo_synthetic
2026-09-07,brio,brio_cmp_004,brio_ad_015,brio_cr_015,43.68,3197,62,51,5,0,0,demo_synthetic
2026-09-08,brio,brio_cmp_004,brio_ad_015,brio_cr_015,33.12,2599,60,55,5,0,0,demo_synthetic
2026-09-09,brio,brio_cmp_004,brio_ad_015,brio_cr_015,35.58,2458,55,47,2,0,0,demo_synthetic
2026-09-10,brio,brio_cmp_004,brio_ad_015,brio_cr_015,26.69,2154,47,39,5,0,0,demo_synthetic
2026-09-11,brio,brio_cmp_004,brio_ad_015,brio_cr_015,28.01,2255,66,63,5,0,0,demo_synthetic
2026-09-12,brio,brio_cmp_004,brio_ad_015,brio_cr_015,39.54,3416,60,55,5,1,246.24,demo_synthetic
2026-09-13,brio,brio_cmp_004,brio_ad_015,brio_cr_015,35.36,2651,61,56,2,0,0,demo_synthetic
2026-07-16,brio,brio_cmp_005,brio_ad_016,brio_cr_016,39.21,2572,40,38,0,0,0,demo_synthetic
2026-07-17,brio,brio_cmp_005,brio_ad_016,brio_cr_016,36.61,2530,44,39,3,0,0,demo_synthetic
2026-07-18,brio,brio_cmp_005,brio_ad_016,brio_cr_016,30.97,2056,36,33,1,0,0,demo_synthetic
2026-07-19,brio,brio_cmp_005,brio_ad_016,brio_cr_016,37.23,2408,37,30,0,0,0,demo_synthetic
2026-07-20,brio,brio_cmp_005,brio_ad_016,brio_cr_016,37.09,2593,35,31,1,0,0,demo_synthetic
2026-07-21,brio,brio_cmp_005,brio_ad_016,brio_cr_016,29.49,1893,22,19,0,0,0,demo_synthetic
2026-07-22,brio,brio_cmp_005,brio_ad_016,brio_cr_016,31.62,2079,40,36,1,0,0,demo_synthetic
2026-07-23,brio,brio_cmp_005,brio_ad_016,brio_cr_016,38.43,2343,34,31,1,0,0,demo_synthetic
2026-07-24,brio,brio_cmp_005,brio_ad_016,brio_cr_016,37.92,2611,33,28,2,0,0,demo_synthetic
2026-07-25,brio,brio_cmp_005,brio_ad_016,brio_cr_016,35.36,2477,31,28,2,0,0,demo_synthetic
2026-07-26,brio,brio_cmp_005,brio_ad_016,brio_cr_016,42.46,3418,53,50,1,0,0,demo_synthetic
2026-07-27,brio,brio_cmp_005,brio_ad_016,brio_cr_016,37.59,2448,39,38,1,0,0,demo_synthetic
2026-07-28,brio,brio_cmp_005,brio_ad_016,brio_cr_016,44.6,3286,53,45,1,0,0,demo_synthetic
2026-07-29,brio,brio_cmp_005,brio_ad_016,brio_cr_016,40.02,2803,44,40,3,0,0,demo_synthetic
2026-07-30,brio,brio_cmp_005,brio_ad_016,brio_cr_016,45.05,2866,42,38,3,0,0,demo_synthetic
2026-07-31,brio,brio_cmp_005,brio_ad_016,brio_cr_016,39.85,2608,59,55,3,0,0,demo_synthetic
2026-08-01,brio,brio_cmp_005,brio_ad_016,brio_cr_016,37.6,2370,35,32,3,1,388.0,demo_synthetic
2026-08-02,brio,brio_cmp_005,brio_ad_016,brio_cr_016,30.93,1996,16,14,2,0,0,demo_synthetic
2026-08-03,brio,brio_cmp_005,brio_ad_016,brio_cr_016,37.54,2808,44,44,1,1,309.18,demo_synthetic
2026-08-04,brio,brio_cmp_005,brio_ad_016,brio_cr_016,34.98,2440,28,25,0,1,289.73,demo_synthetic
2026-08-05,brio,brio_cmp_005,brio_ad_016,brio_cr_016,39.21,3016,35,32,3,0,0,demo_synthetic
2026-08-06,brio,brio_cmp_005,brio_ad_016,brio_cr_016,37.61,2583,33,31,1,0,0,demo_synthetic
2026-08-07,brio,brio_cmp_005,brio_ad_016,brio_cr_016,35.74,2655,41,37,3,0,0,demo_synthetic
2026-08-08,brio,brio_cmp_005,brio_ad_016,brio_cr_016,40.28,2632,57,51,4,0,0,demo_synthetic
2026-08-09,brio,brio_cmp_005,brio_ad_016,brio_cr_016,31.12,2136,41,39,1,0,0,demo_synthetic
2026-08-10,brio,brio_cmp_005,brio_ad_016,brio_cr_016,37.97,2511,35,34,3,0,0,demo_synthetic
2026-08-11,brio,brio_cmp_005,brio_ad_016,brio_cr_016,43.01,2951,59,55,0,0,0,demo_synthetic
2026-08-12,brio,brio_cmp_005,brio_ad_016,brio_cr_016,26.26,1903,25,23,0,0,0,demo_synthetic
2026-08-13,brio,brio_cmp_005,brio_ad_016,brio_cr_016,41.87,3060,42,38,1,1,351.34,demo_synthetic
2026-08-14,brio,brio_cmp_005,brio_ad_016,brio_cr_016,35.35,2418,25,23,2,0,0,demo_synthetic
2026-08-15,brio,brio_cmp_005,brio_ad_016,brio_cr_016,33.63,2165,33,30,0,0,0,demo_synthetic
2026-08-16,brio,brio_cmp_005,brio_ad_016,brio_cr_016,34.42,2189,35,30,0,0,0,demo_synthetic
2026-08-17,brio,brio_cmp_005,brio_ad_016,brio_cr_016,40.31,2875,32,32,0,0,0,demo_synthetic
2026-08-18,brio,brio_cmp_005,brio_ad_016,brio_cr_016,39.35,3587,51,47,2,0,0,demo_synthetic
2026-08-19,brio,brio_cmp_005,brio_ad_016,brio_cr_016,40.56,2664,41,40,1,0,0,demo_synthetic
2026-08-20,brio,brio_cmp_005,brio_ad_016,brio_cr_016,41.11,2710,32,32,1,0,0,demo_synthetic
2026-08-21,brio,brio_cmp_005,brio_ad_016,brio_cr_016,48.34,3520,59,55,3,0,0,demo_synthetic
2026-08-22,brio,brio_cmp_005,brio_ad_016,brio_cr_016,31.06,2227,31,27,1,0,0,demo_synthetic
2026-08-23,brio,brio_cmp_005,brio_ad_016,brio_cr_016,32.8,2101,24,23,0,0,0,demo_synthetic
2026-08-24,brio,brio_cmp_005,brio_ad_016,brio_cr_016,38.95,2793,48,45,2,0,0,demo_synthetic
2026-08-25,brio,brio_cmp_005,brio_ad_016,brio_cr_016,30.07,2069,30,26,1,0,0,demo_synthetic
2026-08-26,brio,brio_cmp_005,brio_ad_016,brio_cr_016,37.43,2352,27,24,2,0,0,demo_synthetic
2026-08-27,brio,brio_cmp_005,brio_ad_016,brio_cr_016,44.54,3471,44,40,1,0,0,demo_synthetic
2026-08-28,brio,brio_cmp_005,brio_ad_016,brio_cr_016,35.57,2700,38,36,3,0,0,demo_synthetic
2026-08-29,brio,brio_cmp_005,brio_ad_016,brio_cr_016,39.07,2611,33,28,1,0,0,demo_synthetic
2026-08-30,brio,brio_cmp_005,brio_ad_016,brio_cr_016,35.29,2711,40,38,2,0,0,demo_synthetic
2026-08-31,brio,brio_cmp_005,brio_ad_016,brio_cr_016,37.77,2716,38,32,2,0,0,demo_synthetic
2026-09-01,brio,brio_cmp_005,brio_ad_016,brio_cr_016,43.27,2986,49,44,2,0,0,demo_synthetic
2026-09-02,brio,brio_cmp_005,brio_ad_016,brio_cr_016,35.32,2470,33,33,1,0,0,demo_synthetic
2026-09-03,brio,brio_cmp_005,brio_ad_016,brio_cr_016,37.54,2591,33,33,2,0,0,demo_synthetic
2026-09-04,brio,brio_cmp_005,brio_ad_016,brio_cr_016,37.41,2697,34,30,3,0,0,demo_synthetic
2026-09-05,brio,brio_cmp_005,brio_ad_016,brio_cr_016,31.92,2304,32,25,0,0,0,demo_synthetic
2026-09-06,brio,brio_cmp_005,brio_ad_016,brio_cr_016,36.22,2782,33,31,0,0,0,demo_synthetic
2026-09-07,brio,brio_cmp_005,brio_ad_016,brio_cr_016,43.05,2889,47,41,4,0,0,demo_synthetic
2026-09-08,brio,brio_cmp_005,brio_ad_016,brio_cr_016,40.19,2421,48,44,0,1,318.55,demo_synthetic
2026-09-09,brio,brio_cmp_005,brio_ad_016,brio_cr_016,36.31,2400,36,33,0,1,413.82,demo_synthetic
2026-09-10,brio,brio_cmp_005,brio_ad_016,brio_cr_016,38.73,2782,45,37,1,0,0,demo_synthetic
2026-09-11,brio,brio_cmp_005,brio_ad_016,brio_cr_016,38.32,2546,38,36,0,0,0,demo_synthetic
2026-09-12,brio,brio_cmp_005,brio_ad_016,brio_cr_016,43.17,3208,57,53,1,0,0,demo_synthetic
2026-09-13,brio,brio_cmp_005,brio_ad_016,brio_cr_016,42.7,3242,52,48,1,1,384.87,demo_synthetic
2026-07-16,brio,brio_cmp_005,brio_ad_017,brio_cr_017,37.84,2199,38,31,3,0,0,demo_synthetic
2026-07-17,brio,brio_cmp_005,brio_ad_017,brio_cr_017,40.12,2346,35,31,2,0,0,demo_synthetic
2026-07-18,brio,brio_cmp_005,brio_ad_017,brio_cr_017,43.67,2439,39,31,0,0,0,demo_synthetic
2026-07-19,brio,brio_cmp_005,brio_ad_017,brio_cr_017,44.0,2605,45,44,1,0,0,demo_synthetic
2026-07-20,brio,brio_cmp_005,brio_ad_017,brio_cr_017,34.43,2174,39,34,1,0,0,demo_synthetic
2026-07-21,brio,brio_cmp_005,brio_ad_017,brio_cr_017,41.08,2365,40,38,1,0,0,demo_synthetic
2026-07-22,brio,brio_cmp_005,brio_ad_017,brio_cr_017,33.03,2108,32,28,1,0,0,demo_synthetic
2026-07-23,brio,brio_cmp_005,brio_ad_017,brio_cr_017,32.34,1653,35,33,1,0,0,demo_synthetic
2026-07-24,brio,brio_cmp_005,brio_ad_017,brio_cr_017,35.8,2167,44,41,0,1,380.07,demo_synthetic
2026-07-25,brio,brio_cmp_005,brio_ad_017,brio_cr_017,43.22,2319,33,31,1,0,0,demo_synthetic
2026-07-26,brio,brio_cmp_005,brio_ad_017,brio_cr_017,33.4,2020,26,25,2,0,0,demo_synthetic
2026-07-27,brio,brio_cmp_005,brio_ad_017,brio_cr_017,35.91,2019,21,15,0,0,0,demo_synthetic
2026-07-28,brio,brio_cmp_005,brio_ad_017,brio_cr_017,32.84,1826,32,28,0,0,0,demo_synthetic
2026-07-29,brio,brio_cmp_005,brio_ad_017,brio_cr_017,40.21,2264,43,36,1,0,0,demo_synthetic
2026-07-30,brio,brio_cmp_005,brio_ad_017,brio_cr_017,30.28,1810,38,34,1,0,0,demo_synthetic
2026-07-31,brio,brio_cmp_005,brio_ad_017,brio_cr_017,43.73,2471,39,37,3,0,0,demo_synthetic
2026-08-01,brio,brio_cmp_005,brio_ad_017,brio_cr_017,49.23,2769,37,35,3,1,300.7,demo_synthetic
2026-08-02,brio,brio_cmp_005,brio_ad_017,brio_cr_017,37.87,2333,41,37,2,0,0,demo_synthetic
2026-08-03,brio,brio_cmp_005,brio_ad_017,brio_cr_017,36.31,2091,43,40,6,0,0,demo_synthetic
2026-08-04,brio,brio_cmp_005,brio_ad_017,brio_cr_017,27.12,1551,27,26,2,0,0,demo_synthetic
2026-08-05,brio,brio_cmp_005,brio_ad_017,brio_cr_017,29.72,1575,35,30,1,0,0,demo_synthetic
2026-08-06,brio,brio_cmp_005,brio_ad_017,brio_cr_017,30.01,1610,19,17,1,0,0,demo_synthetic
2026-08-07,brio,brio_cmp_005,brio_ad_017,brio_cr_017,43.13,2481,46,43,1,0,0,demo_synthetic
2026-08-08,brio,brio_cmp_005,brio_ad_017,brio_cr_017,40.49,2249,29,29,1,0,0,demo_synthetic
2026-08-09,brio,brio_cmp_005,brio_ad_017,brio_cr_017,37.67,2352,33,29,3,0,0,demo_synthetic
2026-08-10,brio,brio_cmp_005,brio_ad_017,brio_cr_017,33.71,1833,23,21,1,1,346.92,demo_synthetic
2026-08-11,brio,brio_cmp_005,brio_ad_017,brio_cr_017,34.74,2084,26,24,1,0,0,demo_synthetic
2026-08-12,brio,brio_cmp_005,brio_ad_017,brio_cr_017,29.22,1640,29,24,0,0,0,demo_synthetic
2026-08-13,brio,brio_cmp_005,brio_ad_017,brio_cr_017,41.58,2465,37,34,1,0,0,demo_synthetic
2026-08-14,brio,brio_cmp_005,brio_ad_017,brio_cr_017,35.06,2033,32,31,0,0,0,demo_synthetic
2026-08-15,brio,brio_cmp_005,brio_ad_017,brio_cr_017,42.88,2416,40,37,0,0,0,demo_synthetic
2026-08-16,brio,brio_cmp_005,brio_ad_017,brio_cr_017,44.25,2662,39,32,0,0,0,demo_synthetic
2026-08-17,brio,brio_cmp_005,brio_ad_017,brio_cr_017,33.37,1732,29,27,1,0,0,demo_synthetic
2026-08-18,brio,brio_cmp_005,brio_ad_017,brio_cr_017,38.46,2432,37,35,2,0,0,demo_synthetic
2026-08-19,brio,brio_cmp_005,brio_ad_017,brio_cr_017,41.2,2248,43,38,2,0,0,demo_synthetic
2026-08-20,brio,brio_cmp_005,brio_ad_017,brio_cr_017,37.61,1928,30,28,4,0,0,demo_synthetic
2026-08-21,brio,brio_cmp_005,brio_ad_017,brio_cr_017,35.37,2339,40,37,4,0,0,demo_synthetic
2026-08-22,brio,brio_cmp_005,brio_ad_017,brio_cr_017,41.93,2319,35,30,1,1,388.45,demo_synthetic
2026-08-23,brio,brio_cmp_005,brio_ad_017,brio_cr_017,35.88,2107,20,19,0,1,337.42,demo_synthetic
2026-08-24,brio,brio_cmp_005,brio_ad_017,brio_cr_017,35.63,2056,38,36,3,0,0,demo_synthetic
2026-08-25,brio,brio_cmp_005,brio_ad_017,brio_cr_017,30.08,1823,28,26,0,0,0,demo_synthetic
2026-08-26,brio,brio_cmp_005,brio_ad_017,brio_cr_017,25.26,1362,13,12,0,0,0,demo_synthetic
2026-08-27,brio,brio_cmp_005,brio_ad_017,brio_cr_017,30.46,1849,44,41,2,0,0,demo_synthetic
2026-08-28,brio,brio_cmp_005,brio_ad_017,brio_cr_017,30.84,1794,30,29,1,1,336.65,demo_synthetic
2026-08-29,brio,brio_cmp_005,brio_ad_017,brio_cr_017,35.15,2020,27,24,0,0,0,demo_synthetic
2026-08-30,brio,brio_cmp_005,brio_ad_017,brio_cr_017,36.69,2319,41,38,2,0,0,demo_synthetic
2026-08-31,brio,brio_cmp_005,brio_ad_017,brio_cr_017,38.24,2083,26,24,0,0,0,demo_synthetic
2026-09-01,brio,brio_cmp_005,brio_ad_017,brio_cr_017,34.77,1996,28,26,1,0,0,demo_synthetic
2026-09-02,brio,brio_cmp_005,brio_ad_017,brio_cr_017,44.24,2318,35,32,1,0,0,demo_synthetic
2026-09-03,brio,brio_cmp_005,brio_ad_017,brio_cr_017,33.68,1748,24,22,0,0,0,demo_synthetic
2026-09-04,brio,brio_cmp_005,brio_ad_017,brio_cr_017,32.5,1741,25,23,0,0,0,demo_synthetic
2026-09-05,brio,brio_cmp_005,brio_ad_017,brio_cr_017,36.4,2114,31,28,3,0,0,demo_synthetic
2026-09-06,brio,brio_cmp_005,brio_ad_017,brio_cr_017,32.65,1998,39,34,3,0,0,demo_synthetic
2026-09-07,brio,brio_cmp_005,brio_ad_017,brio_cr_017,35.74,1850,34,29,0,0,0,demo_synthetic
2026-09-08,brio,brio_cmp_005,brio_ad_017,brio_cr_017,33.62,1972,34,33,0,0,0,demo_synthetic
2026-09-09,brio,brio_cmp_005,brio_ad_017,brio_cr_017,38.17,2336,33,29,2,0,0,demo_synthetic
2026-09-10,brio,brio_cmp_005,brio_ad_017,brio_cr_017,31.03,1691,21,21,1,0,0,demo_synthetic
2026-09-11,brio,brio_cmp_005,brio_ad_017,brio_cr_017,37.22,2005,46,41,2,0,0,demo_synthetic
2026-09-12,brio,brio_cmp_005,brio_ad_017,brio_cr_017,35.23,1987,28,27,1,0,0,demo_synthetic
2026-09-13,brio,brio_cmp_005,brio_ad_017,brio_cr_017,39.02,2054,33,29,1,0,0,demo_synthetic
2026-07-16,brio,brio_cmp_005,brio_ad_018,brio_cr_018,33.73,2370,30,29,3,0,0,demo_synthetic
2026-07-17,brio,brio_cmp_005,brio_ad_018,brio_cr_018,37.52,2611,34,29,2,0,0,demo_synthetic
2026-07-18,brio,brio_cmp_005,brio_ad_018,brio_cr_018,32.36,2512,33,33,1,0,0,demo_synthetic
2026-07-19,brio,brio_cmp_005,brio_ad_018,brio_cr_018,35.33,2455,33,32,1,1,373.99,demo_synthetic
2026-07-20,brio,brio_cmp_005,brio_ad_018,brio_cr_018,33.75,2607,29,27,2,0,0,demo_synthetic
2026-07-21,brio,brio_cmp_005,brio_ad_018,brio_cr_018,40.14,2677,29,27,2,0,0,demo_synthetic
2026-07-22,brio,brio_cmp_005,brio_ad_018,brio_cr_018,34.67,2792,44,39,1,0,0,demo_synthetic
2026-07-23,brio,brio_cmp_005,brio_ad_018,brio_cr_018,42.56,3090,38,33,0,0,0,demo_synthetic
2026-07-24,brio,brio_cmp_005,brio_ad_018,brio_cr_018,34.29,2607,31,29,2,0,0,demo_synthetic
2026-07-25,brio,brio_cmp_005,brio_ad_018,brio_cr_018,39.92,3149,44,42,2,0,0,demo_synthetic
2026-07-26,brio,brio_cmp_005,brio_ad_018,brio_cr_018,34.66,2294,35,30,0,0,0,demo_synthetic
2026-07-27,brio,brio_cmp_005,brio_ad_018,brio_cr_018,38.51,3085,42,42,1,0,0,demo_synthetic
2026-07-28,brio,brio_cmp_005,brio_ad_018,brio_cr_018,39.68,2750,41,38,2,0,0,demo_synthetic
2026-07-29,brio,brio_cmp_005,brio_ad_018,brio_cr_018,38.34,2859,41,34,2,1,377.97,demo_synthetic
2026-07-30,brio,brio_cmp_005,brio_ad_018,brio_cr_018,37.1,2799,42,37,1,0,0,demo_synthetic
2026-07-31,brio,brio_cmp_005,brio_ad_018,brio_cr_018,44.35,3969,43,38,2,0,0,demo_synthetic
2026-08-01,brio,brio_cmp_005,brio_ad_018,brio_cr_018,44.85,3040,53,48,0,0,0,demo_synthetic
2026-08-02,brio,brio_cmp_005,brio_ad_018,brio_cr_018,43.08,3733,53,51,0,0,0,demo_synthetic
2026-08-03,brio,brio_cmp_005,brio_ad_018,brio_cr_018,33.19,2447,41,40,2,0,0,demo_synthetic
2026-08-04,brio,brio_cmp_005,brio_ad_018,brio_cr_018,32.44,2483,39,34,0,0,0,demo_synthetic
2026-08-05,brio,brio_cmp_005,brio_ad_018,brio_cr_018,35.16,2677,40,39,0,0,0,demo_synthetic
2026-08-06,brio,brio_cmp_005,brio_ad_018,brio_cr_018,30.08,2283,34,27,0,0,0,demo_synthetic
2026-08-07,brio,brio_cmp_005,brio_ad_018,brio_cr_018,41.97,2895,43,36,2,0,0,demo_synthetic
2026-08-08,brio,brio_cmp_005,brio_ad_018,brio_cr_018,40.11,2644,42,36,1,0,0,demo_synthetic
2026-08-09,brio,brio_cmp_005,brio_ad_018,brio_cr_018,41.53,2811,35,31,0,0,0,demo_synthetic
2026-08-10,brio,brio_cmp_005,brio_ad_018,brio_cr_018,42.03,2860,40,37,0,0,0,demo_synthetic
2026-08-11,brio,brio_cmp_005,brio_ad_018,brio_cr_018,26.37,1891,32,28,0,0,0,demo_synthetic
2026-08-12,brio,brio_cmp_005,brio_ad_018,brio_cr_018,33.94,2083,30,29,0,0,0,demo_synthetic
2026-08-13,brio,brio_cmp_005,brio_ad_018,brio_cr_018,36.69,2577,38,35,1,1,346.2,demo_synthetic
2026-08-14,brio,brio_cmp_005,brio_ad_018,brio_cr_018,47.04,3309,60,55,2,0,0,demo_synthetic
2026-08-15,brio,brio_cmp_005,brio_ad_018,brio_cr_018,44.1,3052,41,38,1,1,327.41,demo_synthetic
2026-08-16,brio,brio_cmp_005,brio_ad_018,brio_cr_018,32.99,2071,25,25,0,0,0,demo_synthetic
2026-08-17,brio,brio_cmp_005,brio_ad_018,brio_cr_018,33.31,2604,33,28,0,0,0,demo_synthetic
2026-08-18,brio,brio_cmp_005,brio_ad_018,brio_cr_018,37.51,2800,42,42,1,0,0,demo_synthetic
2026-08-19,brio,brio_cmp_005,brio_ad_018,brio_cr_018,44.87,3294,44,41,2,0,0,demo_synthetic
2026-08-20,brio,brio_cmp_005,brio_ad_018,brio_cr_018,34.92,2250,25,22,0,0,0,demo_synthetic
2026-08-21,brio,brio_cmp_005,brio_ad_018,brio_cr_018,40.96,3020,25,24,0,0,0,demo_synthetic
2026-08-22,brio,brio_cmp_005,brio_ad_018,brio_cr_018,32.34,2010,26,24,1,0,0,demo_synthetic
2026-08-23,brio,brio_cmp_005,brio_ad_018,brio_cr_018,28.79,2140,30,25,0,0,0,demo_synthetic
2026-08-24,brio,brio_cmp_005,brio_ad_018,brio_cr_018,44.38,3435,39,38,1,1,369.72,demo_synthetic
2026-08-25,brio,brio_cmp_005,brio_ad_018,brio_cr_018,30.67,2155,24,21,1,0,0,demo_synthetic
2026-08-26,brio,brio_cmp_005,brio_ad_018,brio_cr_018,38.27,2566,35,32,2,0,0,demo_synthetic
2026-08-27,brio,brio_cmp_005,brio_ad_018,brio_cr_018,37.55,2859,37,35,0,0,0,demo_synthetic
2026-08-28,brio,brio_cmp_005,brio_ad_018,brio_cr_018,30.06,2151,22,22,0,0,0,demo_synthetic
2026-08-29,brio,brio_cmp_005,brio_ad_018,brio_cr_018,31.5,2458,32,31,6,0,0,demo_synthetic
2026-08-30,brio,brio_cmp_005,brio_ad_018,brio_cr_018,37.85,2440,37,32,1,1,366.42,demo_synthetic
2026-08-31,brio,brio_cmp_005,brio_ad_018,brio_cr_018,37.52,3184,28,25,1,0,0,demo_synthetic
2026-09-01,brio,brio_cmp_005,brio_ad_018,brio_cr_018,35.19,2204,24,21,0,0,0,demo_synthetic
2026-09-02,brio,brio_cmp_005,brio_ad_018,brio_cr_018,34.16,2511,37,36,0,0,0,demo_synthetic
2026-09-03,brio,brio_cmp_005,brio_ad_018,brio_cr_018,36.32,2332,37,36,4,0,0,demo_synthetic
2026-09-04,brio,brio_cmp_005,brio_ad_018,brio_cr_018,38.51,2879,68,61,3,1,376.83,demo_synthetic
2026-09-05,brio,brio_cmp_005,brio_ad_018,brio_cr_018,34.05,2501,36,34,3,0,0,demo_synthetic
2026-09-06,brio,brio_cmp_005,brio_ad_018,brio_cr_018,25.09,1856,26,21,0,0,0,demo_synthetic
2026-09-07,brio,brio_cmp_005,brio_ad_018,brio_cr_018,35.09,2377,28,24,1,0,0,demo_synthetic
2026-09-08,brio,brio_cmp_005,brio_ad_018,brio_cr_018,40.81,2797,27,27,2,0,0,demo_synthetic
2026-09-09,brio,brio_cmp_005,brio_ad_018,brio_cr_018,34.61,2751,51,47,1,1,309.78,demo_synthetic
2026-09-10,brio,brio_cmp_005,brio_ad_018,brio_cr_018,36.79,2368,37,34,1,1,369.57,demo_synthetic
2026-09-11,brio,brio_cmp_005,brio_ad_018,brio_cr_018,36.35,2743,49,46,1,0,0,demo_synthetic
2026-09-12,brio,brio_cmp_005,brio_ad_018,brio_cr_018,38.16,2440,39,37,1,0,0,demo_synthetic
2026-09-13,brio,brio_cmp_005,brio_ad_018,brio_cr_018,43.85,2818,29,28,2,0,0,demo_synthetic
2026-07-16,brio,brio_cmp_005,brio_ad_019,brio_cr_019,35.29,2235,36,30,3,1,318.0,demo_synthetic
2026-07-17,brio,brio_cmp_005,brio_ad_019,brio_cr_019,37.8,2471,40,37,2,0,0,demo_synthetic
2026-07-18,brio,brio_cmp_005,brio_ad_019,brio_cr_019,28.03,1921,21,20,0,0,0,demo_synthetic
2026-07-19,brio,brio_cmp_005,brio_ad_019,brio_cr_019,36.09,2556,38,33,2,0,0,demo_synthetic
2026-07-20,brio,brio_cmp_005,brio_ad_019,brio_cr_019,42.66,2657,44,39,1,0,0,demo_synthetic
2026-07-21,brio,brio_cmp_005,brio_ad_019,brio_cr_019,36.85,2459,34,33,2,1,412.99,demo_synthetic
2026-07-22,brio,brio_cmp_005,brio_ad_019,brio_cr_019,36.41,2722,34,30,0,0,0,demo_synthetic
2026-07-23,brio,brio_cmp_005,brio_ad_019,brio_cr_019,38.79,2841,43,39,8,0,0,demo_synthetic
2026-07-24,brio,brio_cmp_005,brio_ad_019,brio_cr_019,38.0,2504,53,47,0,0,0,demo_synthetic
2026-07-25,brio,brio_cmp_005,brio_ad_019,brio_cr_019,35.48,2226,34,33,0,0,0,demo_synthetic
2026-07-26,brio,brio_cmp_005,brio_ad_019,brio_cr_019,36.13,2461,34,31,4,0,0,demo_synthetic
2026-07-27,brio,brio_cmp_005,brio_ad_019,brio_cr_019,34.72,2287,36,29,1,0,0,demo_synthetic
2026-07-28,brio,brio_cmp_005,brio_ad_019,brio_cr_019,34.98,2417,36,36,0,0,0,demo_synthetic
2026-07-29,brio,brio_cmp_005,brio_ad_019,brio_cr_019,41.13,2571,41,36,3,0,0,demo_synthetic
2026-07-30,brio,brio_cmp_005,brio_ad_019,brio_cr_019,42.0,2491,35,31,3,0,0,demo_synthetic
2026-07-31,brio,brio_cmp_005,brio_ad_019,brio_cr_019,39.76,3065,40,38,3,0,0,demo_synthetic
2026-08-01,brio,brio_cmp_005,brio_ad_019,brio_cr_019,39.4,2626,48,44,2,0,0,demo_synthetic
2026-08-02,brio,brio_cmp_005,brio_ad_019,brio_cr_019,35.57,2371,48,46,4,1,388.64,demo_synthetic
2026-08-03,brio,brio_cmp_005,brio_ad_019,brio_cr_019,33.23,2010,37,36,3,0,0,demo_synthetic
2026-08-04,brio,brio_cmp_005,brio_ad_019,brio_cr_019,24.83,1617,24,23,1,0,0,demo_synthetic
2026-08-05,brio,brio_cmp_005,brio_ad_019,brio_cr_019,34.49,2011,28,27,2,0,0,demo_synthetic
2026-08-06,brio,brio_cmp_005,brio_ad_019,brio_cr_019,27.34,1801,19,16,0,0,0,demo_synthetic
2026-08-07,brio,brio_cmp_005,brio_ad_019,brio_cr_019,33.5,2390,42,41,5,0,0,demo_synthetic
2026-08-08,brio,brio_cmp_005,brio_ad_019,brio_cr_019,32.54,2048,30,27,0,1,400.64,demo_synthetic
2026-08-09,brio,brio_cmp_005,brio_ad_019,brio_cr_019,36.55,2353,48,44,4,0,0,demo_synthetic
2026-08-10,brio,brio_cmp_005,brio_ad_019,brio_cr_019,37.2,2572,46,45,6,0,0,demo_synthetic
2026-08-11,brio,brio_cmp_005,brio_ad_019,brio_cr_019,39.53,2594,32,31,1,0,0,demo_synthetic
2026-08-12,brio,brio_cmp_005,brio_ad_019,brio_cr_019,37.74,2588,35,32,1,0,0,demo_synthetic
2026-08-13,brio,brio_cmp_005,brio_ad_019,brio_cr_019,40.13,2585,52,46,4,0,0,demo_synthetic
2026-08-14,brio,brio_cmp_005,brio_ad_019,brio_cr_019,34.86,2648,41,39,3,0,0,demo_synthetic
2026-08-15,brio,brio_cmp_005,brio_ad_019,brio_cr_019,39.83,2422,30,28,3,0,0,demo_synthetic
2026-08-16,brio,brio_cmp_005,brio_ad_019,brio_cr_019,41.08,2655,34,32,3,0,0,demo_synthetic
2026-08-17,brio,brio_cmp_005,brio_ad_019,brio_cr_019,33.55,2312,32,28,1,0,0,demo_synthetic
2026-08-18,brio,brio_cmp_005,brio_ad_019,brio_cr_019,35.52,2287,32,29,1,0,0,demo_synthetic
2026-08-19,brio,brio_cmp_005,brio_ad_019,brio_cr_019,40.89,2698,31,27,1,0,0,demo_synthetic
2026-08-20,brio,brio_cmp_005,brio_ad_019,brio_cr_019,39.98,2367,46,46,4,2,659.43,demo_synthetic
2026-08-21,brio,brio_cmp_005,brio_ad_019,brio_cr_019,31.73,1997,25,24,3,0,0,demo_synthetic
2026-08-22,brio,brio_cmp_005,brio_ad_019,brio_cr_019,37.83,2710,41,39,3,0,0,demo_synthetic
2026-08-23,brio,brio_cmp_005,brio_ad_019,brio_cr_019,38.14,2727,39,36,0,1,347.79,demo_synthetic
2026-08-24,brio,brio_cmp_005,brio_ad_019,brio_cr_019,33.18,2061,38,33,4,0,0,demo_synthetic
2026-08-25,brio,brio_cmp_005,brio_ad_019,brio_cr_019,38.28,2442,52,47,3,0,0,demo_synthetic
2026-08-26,brio,brio_cmp_005,brio_ad_019,brio_cr_019,42.29,2677,50,44,3,0,0,demo_synthetic
2026-08-27,brio,brio_cmp_005,brio_ad_019,brio_cr_019,36.38,2335,34,28,1,0,0,demo_synthetic
2026-08-28,brio,brio_cmp_005,brio_ad_019,brio_cr_019,38.68,3184,56,55,0,0,0,demo_synthetic
2026-08-29,brio,brio_cmp_005,brio_ad_019,brio_cr_019,35.53,2086,37,33,3,0,0,demo_synthetic
2026-08-30,brio,brio_cmp_005,brio_ad_019,brio_cr_019,39.16,2694,52,49,1,1,389.8,demo_synthetic
2026-08-31,brio,brio_cmp_005,brio_ad_019,brio_cr_019,30.6,1893,34,28,1,0,0,demo_synthetic
2026-09-01,brio,brio_cmp_005,brio_ad_019,brio_cr_019,39.7,2528,42,40,3,0,0,demo_synthetic
2026-09-02,brio,brio_cmp_005,brio_ad_019,brio_cr_019,33.54,1938,20,19,1,0,0,demo_synthetic
2026-09-03,brio,brio_cmp_005,brio_ad_019,brio_cr_019,34.38,2192,30,29,3,1,392.31,demo_synthetic
2026-09-04,brio,brio_cmp_005,brio_ad_019,brio_cr_019,31.91,1861,39,36,5,1,355.83,demo_synthetic
2026-09-05,brio,brio_cmp_005,brio_ad_019,brio_cr_019,35.33,2540,53,42,4,0,0,demo_synthetic
2026-09-06,brio,brio_cmp_005,brio_ad_019,brio_cr_019,37.06,2475,42,39,2,0,0,demo_synthetic
2026-09-07,brio,brio_cmp_005,brio_ad_019,brio_cr_019,37.66,2383,33,32,2,1,348.73,demo_synthetic
2026-09-08,brio,brio_cmp_005,brio_ad_019,brio_cr_019,33.21,2327,38,35,5,0,0,demo_synthetic
2026-09-09,brio,brio_cmp_005,brio_ad_019,brio_cr_019,30.83,1945,27,26,6,0,0,demo_synthetic
2026-09-10,brio,brio_cmp_005,brio_ad_019,brio_cr_019,37.73,2633,31,31,3,0,0,demo_synthetic
2026-09-11,brio,brio_cmp_005,brio_ad_019,brio_cr_019,34.43,2353,29,26,0,0,0,demo_synthetic
2026-09-12,brio,brio_cmp_005,brio_ad_019,brio_cr_019,47.39,3153,65,63,3,1,307.69,demo_synthetic
2026-09-13,brio,brio_cmp_005,brio_ad_019,brio_cr_019,29.83,1860,28,28,1,0,0,demo_synthetic
2026-07-16,brio,brio_cmp_006,brio_ad_020,brio_cr_020,33.92,2043,50,46,5,1,482.42,demo_synthetic
2026-07-17,brio,brio_cmp_006,brio_ad_020,brio_cr_020,33.52,1804,32,26,3,0,0,demo_synthetic
2026-07-18,brio,brio_cmp_006,brio_ad_020,brio_cr_020,40.47,2351,53,50,3,1,559.49,demo_synthetic
2026-07-19,brio,brio_cmp_006,brio_ad_020,brio_cr_020,39.72,2005,55,52,11,2,1028.55,demo_synthetic
2026-07-20,brio,brio_cmp_006,brio_ad_020,brio_cr_020,29.65,1561,39,38,3,0,0,demo_synthetic
2026-07-21,brio,brio_cmp_006,brio_ad_020,brio_cr_020,38.43,2055,44,38,5,0,0,demo_synthetic
2026-07-22,brio,brio_cmp_006,brio_ad_020,brio_cr_020,33.18,1702,43,36,3,1,478.96,demo_synthetic
2026-07-23,brio,brio_cmp_006,brio_ad_020,brio_cr_020,36.87,2010,43,39,5,1,489.49,demo_synthetic
2026-07-24,brio,brio_cmp_006,brio_ad_020,brio_cr_020,30.06,1408,41,37,5,0,0,demo_synthetic
2026-07-25,brio,brio_cmp_006,brio_ad_020,brio_cr_020,26.12,1334,33,28,3,0,0,demo_synthetic
2026-07-26,brio,brio_cmp_006,brio_ad_020,brio_cr_020,38.41,2048,49,47,6,0,0,demo_synthetic
2026-07-27,brio,brio_cmp_006,brio_ad_020,brio_cr_020,34.71,1925,49,47,5,0,0,demo_synthetic
2026-07-28,brio,brio_cmp_006,brio_ad_020,brio_cr_020,34.88,1888,27,26,4,1,567.29,demo_synthetic
2026-07-29,brio,brio_cmp_006,brio_ad_020,brio_cr_020,41.02,2356,43,37,3,0,0,demo_synthetic
2026-07-30,brio,brio_cmp_006,brio_ad_020,brio_cr_020,37.06,2141,43,38,4,1,500.47,demo_synthetic
2026-07-31,brio,brio_cmp_006,brio_ad_020,brio_cr_020,34.73,1892,41,37,3,0,0,demo_synthetic
2026-08-01,brio,brio_cmp_006,brio_ad_020,brio_cr_020,43.56,2261,45,40,5,1,529.31,demo_synthetic
2026-08-02,brio,brio_cmp_006,brio_ad_020,brio_cr_020,39.54,2046,26,25,3,0,0,demo_synthetic
2026-08-03,brio,brio_cmp_006,brio_ad_020,brio_cr_020,40.27,2113,45,43,10,0,0,demo_synthetic
2026-08-04,brio,brio_cmp_006,brio_ad_020,brio_cr_020,35.82,1935,45,43,3,1,528.38,demo_synthetic
2026-08-05,brio,brio_cmp_006,brio_ad_020,brio_cr_020,39.85,2420,76,71,7,1,476.8,demo_synthetic
2026-08-06,brio,brio_cmp_006,brio_ad_020,brio_cr_020,41.68,1944,35,30,5,2,940.28,demo_synthetic
2026-08-07,brio,brio_cmp_006,brio_ad_020,brio_cr_020,33.12,1691,43,40,5,2,1002.26,demo_synthetic
2026-08-08,brio,brio_cmp_006,brio_ad_020,brio_cr_020,33.11,1685,42,41,9,0,0,demo_synthetic
2026-08-09,brio,brio_cmp_006,brio_ad_020,brio_cr_020,40.7,2074,48,39,2,1,515.62,demo_synthetic
2026-08-10,brio,brio_cmp_006,brio_ad_020,brio_cr_020,41.57,2372,65,58,10,0,0,demo_synthetic
2026-08-11,brio,brio_cmp_006,brio_ad_020,brio_cr_020,39.46,1992,30,25,5,0,0,demo_synthetic
2026-08-12,brio,brio_cmp_006,brio_ad_020,brio_cr_020,38.98,2342,44,39,6,1,519.93,demo_synthetic
2026-08-13,brio,brio_cmp_006,brio_ad_020,brio_cr_020,37.0,1889,30,28,5,0,0,demo_synthetic
2026-08-14,brio,brio_cmp_006,brio_ad_020,brio_cr_020,39.77,2243,61,54,7,0,0,demo_synthetic
2026-08-15,brio,brio_cmp_006,brio_ad_020,brio_cr_020,41.11,2051,37,31,3,0,0,demo_synthetic
2026-08-16,brio,brio_cmp_006,brio_ad_020,brio_cr_020,39.27,1991,39,37,6,0,0,demo_synthetic
2026-08-17,brio,brio_cmp_006,brio_ad_020,brio_cr_020,31.08,1809,37,34,1,0,0,demo_synthetic
2026-08-18,brio,brio_cmp_006,brio_ad_020,brio_cr_020,41.97,2073,40,37,6,0,0,demo_synthetic
2026-08-19,brio,brio_cmp_006,brio_ad_020,brio_cr_020,31.18,2021,34,33,5,0,0,demo_synthetic
2026-08-20,brio,brio_cmp_006,brio_ad_020,brio_cr_020,36.56,1738,37,34,4,0,0,demo_synthetic
2026-08-21,brio,brio_cmp_006,brio_ad_020,brio_cr_020,30.18,1592,28,27,5,0,0,demo_synthetic
2026-08-22,brio,brio_cmp_006,brio_ad_020,brio_cr_020,40.33,2204,31,30,3,2,925.72,demo_synthetic
2026-08-23,brio,brio_cmp_006,brio_ad_020,brio_cr_020,37.74,2300,53,52,9,0,0,demo_synthetic
2026-08-24,brio,brio_cmp_006,brio_ad_020,brio_cr_020,43.4,2404,64,59,7,0,0,demo_synthetic
2026-08-25,brio,brio_cmp_006,brio_ad_020,brio_cr_020,39.69,2068,39,34,6,1,468.84,demo_synthetic
2026-08-26,brio,brio_cmp_006,brio_ad_020,brio_cr_020,43.52,2562,53,50,6,0,0,demo_synthetic
2026-08-27,brio,brio_cmp_006,brio_ad_020,brio_cr_020,40.44,2340,41,35,7,1,460.62,demo_synthetic
2026-08-28,brio,brio_cmp_006,brio_ad_020,brio_cr_020,49.54,2484,62,57,2,1,497.57,demo_synthetic
2026-08-29,brio,brio_cmp_006,brio_ad_020,brio_cr_020,35.71,1857,41,37,5,0,0,demo_synthetic
2026-08-30,brio,brio_cmp_006,brio_ad_020,brio_cr_020,37.07,2213,48,45,8,0,0,demo_synthetic
2026-08-31,brio,brio_cmp_006,brio_ad_020,brio_cr_020,42.39,2301,72,65,9,1,490.22,demo_synthetic
2026-09-01,brio,brio_cmp_006,brio_ad_020,brio_cr_020,31.72,1572,45,40,2,0,0,demo_synthetic
2026-09-02,brio,brio_cmp_006,brio_ad_020,brio_cr_020,41.72,2338,50,46,4,1,486.92,demo_synthetic
2026-09-03,brio,brio_cmp_006,brio_ad_020,brio_cr_020,33.2,1939,46,42,5,1,488.76,demo_synthetic
2026-09-04,brio,brio_cmp_006,brio_ad_020,brio_cr_020,32.31,1788,33,29,2,0,0,demo_synthetic
2026-09-05,brio,brio_cmp_006,brio_ad_020,brio_cr_020,33.72,2073,56,50,6,1,533.39,demo_synthetic
2026-09-06,brio,brio_cmp_006,brio_ad_020,brio_cr_020,37.83,2064,37,36,6,0,0,demo_synthetic
2026-09-07,brio,brio_cmp_006,brio_ad_020,brio_cr_020,42.18,2368,46,43,5,0,0,demo_synthetic
2026-09-08,brio,brio_cmp_006,brio_ad_020,brio_cr_020,34.37,1950,44,37,4,0,0,demo_synthetic
2026-09-09,brio,brio_cmp_006,brio_ad_020,brio_cr_020,37.22,2017,44,39,5,1,579.3,demo_synthetic
2026-09-10,brio,brio_cmp_006,brio_ad_020,brio_cr_020,27.43,1552,34,30,6,0,0,demo_synthetic
2026-09-11,brio,brio_cmp_006,brio_ad_020,brio_cr_020,38.09,2127,32,31,6,0,0,demo_synthetic
2026-09-12,brio,brio_cmp_006,brio_ad_020,brio_cr_020,33.83,1608,47,45,2,0,0,demo_synthetic
2026-09-13,brio,brio_cmp_006,brio_ad_020,brio_cr_020,44.72,2317,47,43,5,0,0,demo_synthetic
2026-07-16,brio,brio_cmp_006,brio_ad_021,brio_cr_021,35.8,2303,54,51,3,0,0,demo_synthetic
2026-07-17,brio,brio_cmp_006,brio_ad_021,brio_cr_021,29.64,2042,47,44,1,1,546.48,demo_synthetic
2026-07-18,brio,brio_cmp_006,brio_ad_021,brio_cr_021,37.53,2345,58,53,1,0,0,demo_synthetic
2026-07-19,brio,brio_cmp_006,brio_ad_021,brio_cr_021,37.82,2755,82,72,5,0,0,demo_synthetic
2026-07-20,brio,brio_cmp_006,brio_ad_021,brio_cr_021,38.43,2255,53,49,5,0,0,demo_synthetic
2026-07-21,brio,brio_cmp_006,brio_ad_021,brio_cr_021,31.08,2264,56,48,4,1,502.22,demo_synthetic
2026-07-22,brio,brio_cmp_006,brio_ad_021,brio_cr_021,39.39,2480,63,60,11,2,952.28,demo_synthetic
2026-07-23,brio,brio_cmp_006,brio_ad_021,brio_cr_021,47.05,3125,77,72,5,1,440.36,demo_synthetic
2026-07-24,brio,brio_cmp_006,brio_ad_021,brio_cr_021,44.41,2460,55,48,3,1,502.29,demo_synthetic
2026-07-25,brio,brio_cmp_006,brio_ad_021,brio_cr_021,46.33,3312,79,76,10,2,990.42,demo_synthetic
2026-07-26,brio,brio_cmp_006,brio_ad_021,brio_cr_021,37.59,2650,71,66,8,0,0,demo_synthetic
2026-07-27,brio,brio_cmp_006,brio_ad_021,brio_cr_021,40.58,2685,32,30,2,0,0,demo_synthetic
2026-07-28,brio,brio_cmp_006,brio_ad_021,brio_cr_021,32.01,1944,36,34,3,1,486.86,demo_synthetic
2026-07-29,brio,brio_cmp_006,brio_ad_021,brio_cr_021,47.23,3024,90,85,10,0,0,demo_synthetic
2026-07-30,brio,brio_cmp_006,brio_ad_021,brio_cr_021,38.11,2380,45,44,6,1,491.9,demo_synthetic
2026-07-31,brio,brio_cmp_006,brio_ad_021,brio_cr_021,38.4,2336,50,42,4,1,541.99,demo_synthetic
2026-08-01,brio,brio_cmp_006,brio_ad_021,brio_cr_021,43.14,2796,67,58,10,1,441.57,demo_synthetic
2026-08-02,brio,brio_cmp_006,brio_ad_021,brio_cr_021,44.99,2554,40,36,6,1,507.95,demo_synthetic
2026-08-03,brio,brio_cmp_006,brio_ad_021,brio_cr_021,39.55,2396,56,53,4,2,1005.94,demo_synthetic
2026-08-04,brio,brio_cmp_006,brio_ad_021,brio_cr_021,40.47,2708,72,67,9,2,1012.24,demo_synthetic
2026-08-05,brio,brio_cmp_006,brio_ad_021,brio_cr_021,35.18,2334,42,38,2,0,0,demo_synthetic
2026-08-06,brio,brio_cmp_006,brio_ad_021,brio_cr_021,34.01,2099,41,39,7,0,0,demo_synthetic
2026-08-07,brio,brio_cmp_006,brio_ad_021,brio_cr_021,40.52,2284,38,34,2,0,0,demo_synthetic
2026-08-08,brio,brio_cmp_006,brio_ad_021,brio_cr_021,38.79,2658,51,45,6,1,459.47,demo_synthetic
2026-08-09,brio,brio_cmp_006,brio_ad_021,brio_cr_021,37.92,2491,61,57,3,0,0,demo_synthetic
2026-08-10,brio,brio_cmp_006,brio_ad_021,brio_cr_021,34.76,2132,57,50,7,0,0,demo_synthetic
2026-08-11,brio,brio_cmp_006,brio_ad_021,brio_cr_021,36.45,2216,53,53,3,0,0,demo_synthetic
2026-08-12,brio,brio_cmp_006,brio_ad_021,brio_cr_021,35.17,2304,48,43,5,0,0,demo_synthetic
2026-08-13,brio,brio_cmp_006,brio_ad_021,brio_cr_021,36.19,2239,60,55,2,0,0,demo_synthetic
2026-08-14,brio,brio_cmp_006,brio_ad_021,brio_cr_021,35.86,2128,49,46,7,0,0,demo_synthetic
2026-08-15,brio,brio_cmp_006,brio_ad_021,brio_cr_021,36.03,2333,36,34,3,1,482.42,demo_synthetic
2026-08-16,brio,brio_cmp_006,brio_ad_021,brio_cr_021,37.41,2391,49,46,5,1,470.29,demo_synthetic
2026-08-17,brio,brio_cmp_006,brio_ad_021,brio_cr_021,41.6,2576,54,45,5,2,1052.75,demo_synthetic
2026-08-18,brio,brio_cmp_006,brio_ad_021,brio_cr_021,38.41,2596,46,43,4,0,0,demo_synthetic
2026-08-19,brio,brio_cmp_006,brio_ad_021,brio_cr_021,39.2,2223,38,36,6,0,0,demo_synthetic
2026-08-20,brio,brio_cmp_006,brio_ad_021,brio_cr_021,30.83,1902,36,33,2,0,0,demo_synthetic
2026-08-21,brio,brio_cmp_006,brio_ad_021,brio_cr_021,36.98,2521,56,53,4,0,0,demo_synthetic
2026-08-22,brio,brio_cmp_006,brio_ad_021,brio_cr_021,42.05,3361,73,67,9,1,501.63,demo_synthetic
2026-08-23,brio,brio_cmp_006,brio_ad_021,brio_cr_021,36.27,2210,51,48,3,2,1027.57,demo_synthetic
2026-08-24,brio,brio_cmp_006,brio_ad_021,brio_cr_021,31.06,2111,37,32,3,0,0,demo_synthetic
2026-08-25,brio,brio_cmp_006,brio_ad_021,brio_cr_021,45.47,2768,42,40,6,1,467.85,demo_synthetic
2026-08-26,brio,brio_cmp_006,brio_ad_021,brio_cr_021,44.95,2805,49,46,6,0,0,demo_synthetic
2026-08-27,brio,brio_cmp_006,brio_ad_021,brio_cr_021,33.22,2228,45,41,2,0,0,demo_synthetic
2026-08-28,brio,brio_cmp_006,brio_ad_021,brio_cr_021,35.94,2334,62,58,7,0,0,demo_synthetic
2026-08-29,brio,brio_cmp_006,brio_ad_021,brio_cr_021,34.54,2498,54,46,2,1,509.57,demo_synthetic
2026-08-30,brio,brio_cmp_006,brio_ad_021,brio_cr_021,37.27,2632,70,64,3,0,0,demo_synthetic
2026-08-31,brio,brio_cmp_006,brio_ad_021,brio_cr_021,34.16,2118,42,36,3,1,485.81,demo_synthetic
2026-09-01,brio,brio_cmp_006,brio_ad_021,brio_cr_021,41.31,2826,61,56,6,0,0,demo_synthetic
2026-09-02,brio,brio_cmp_006,brio_ad_021,brio_cr_021,42.35,2457,34,32,3,0,0,demo_synthetic
2026-09-03,brio,brio_cmp_006,brio_ad_021,brio_cr_021,36.81,2344,45,42,6,0,0,demo_synthetic
2026-09-04,brio,brio_cmp_006,brio_ad_021,brio_cr_021,40.41,2619,65,56,6,1,471.31,demo_synthetic
2026-09-05,brio,brio_cmp_006,brio_ad_021,brio_cr_021,41.92,2704,63,53,5,0,0,demo_synthetic
2026-09-06,brio,brio_cmp_006,brio_ad_021,brio_cr_021,42.61,2803,70,64,8,2,992.72,demo_synthetic
2026-09-07,brio,brio_cmp_006,brio_ad_021,brio_cr_021,42.6,2737,49,45,4,0,0,demo_synthetic
2026-09-08,brio,brio_cmp_006,brio_ad_021,brio_cr_021,39.18,2480,53,50,4,1,473.2,demo_synthetic
2026-09-09,brio,brio_cmp_006,brio_ad_021,brio_cr_021,34.02,2024,41,34,1,0,0,demo_synthetic
2026-09-10,brio,brio_cmp_006,brio_ad_021,brio_cr_021,39.52,2382,43,39,2,0,0,demo_synthetic
2026-09-11,brio,brio_cmp_006,brio_ad_021,brio_cr_021,29.78,1640,45,36,6,0,0,demo_synthetic
2026-09-12,brio,brio_cmp_006,brio_ad_021,brio_cr_021,41.16,2544,54,47,5,0,0,demo_synthetic
2026-09-13,brio,brio_cmp_006,brio_ad_021,brio_cr_021,38.53,2681,64,60,3,0,0,demo_synthetic
2026-07-16,brio,brio_cmp_006,brio_ad_022,brio_cr_022,33.23,2399,56,45,5,1,364.15,demo_synthetic
2026-07-17,brio,brio_cmp_006,brio_ad_022,brio_cr_022,41.72,3108,72,64,7,1,354.75,demo_synthetic
2026-07-18,brio,brio_cmp_006,brio_ad_022,brio_cr_022,44.07,3326,74,66,6,2,702.23,demo_synthetic
2026-07-19,brio,brio_cmp_006,brio_ad_022,brio_cr_022,47.78,3599,69,63,3,0,0,demo_synthetic
2026-07-20,brio,brio_cmp_006,brio_ad_022,brio_cr_022,40.2,3461,51,48,3,2,739.43,demo_synthetic
2026-07-21,brio,brio_cmp_006,brio_ad_022,brio_cr_022,30.88,2292,43,37,2,0,0,demo_synthetic
2026-07-22,brio,brio_cmp_006,brio_ad_022,brio_cr_022,34.77,2599,74,71,8,1,352.33,demo_synthetic
2026-07-23,brio,brio_cmp_006,brio_ad_022,brio_cr_022,36.42,3334,70,66,6,1,347.66,demo_synthetic
2026-07-24,brio,brio_cmp_006,brio_ad_022,brio_cr_022,44.6,3295,75,70,9,0,0,demo_synthetic
2026-07-25,brio,brio_cmp_006,brio_ad_022,brio_cr_022,37.63,3036,63,55,7,0,0,demo_synthetic
2026-07-26,brio,brio_cmp_006,brio_ad_022,brio_cr_022,33.74,2732,75,64,11,1,382.03,demo_synthetic
2026-07-27,brio,brio_cmp_006,brio_ad_022,brio_cr_022,43.34,3726,91,85,10,1,364.25,demo_synthetic
2026-07-28,brio,brio_cmp_006,brio_ad_022,brio_cr_022,38.31,2865,47,38,5,1,378.73,demo_synthetic
2026-07-29,brio,brio_cmp_006,brio_ad_022,brio_cr_022,38.03,3197,85,74,9,3,1144.18,demo_synthetic
2026-07-30,brio,brio_cmp_006,brio_ad_022,brio_cr_022,35.52,3114,65,59,4,0,0,demo_synthetic
2026-07-31,brio,brio_cmp_006,brio_ad_022,brio_cr_022,28.68,2041,43,41,4,1,374.47,demo_synthetic
2026-08-01,brio,brio_cmp_006,brio_ad_022,brio_cr_022,40.16,3433,62,54,4,1,402.13,demo_synthetic
2026-08-02,brio,brio_cmp_006,brio_ad_022,brio_cr_022,43.95,3414,72,62,11,0,0,demo_synthetic
2026-08-03,brio,brio_cmp_006,brio_ad_022,brio_cr_022,45.17,3868,75,72,9,2,651.88,demo_synthetic
2026-08-04,brio,brio_cmp_006,brio_ad_022,brio_cr_022,43.76,3691,80,75,8,1,352.55,demo_synthetic
2026-08-05,brio,brio_cmp_006,brio_ad_022,brio_cr_022,42.0,3213,80,69,13,1,380.84,demo_synthetic
2026-08-06,brio,brio_cmp_006,brio_ad_022,brio_cr_022,42.24,3286,67,58,6,2,725.67,demo_synthetic
2026-08-07,brio,brio_cmp_006,brio_ad_022,brio_cr_022,40.93,3160,49,39,3,0,0,demo_synthetic
2026-08-08,brio,brio_cmp_006,brio_ad_022,brio_cr_022,39.91,2993,72,64,6,1,386.06,demo_synthetic
2026-08-09,brio,brio_cmp_006,brio_ad_022,brio_cr_022,39.84,3404,84,78,10,1,360.38,demo_synthetic
2026-08-10,brio,brio_cmp_006,brio_ad_022,brio_cr_022,34.87,2628,81,69,3,0,0,demo_synthetic
2026-08-11,brio,brio_cmp_006,brio_ad_022,brio_cr_022,41.77,3336,63,62,7,0,0,demo_synthetic
2026-08-12,brio,brio_cmp_006,brio_ad_022,brio_cr_022,40.95,3013,74,71,5,0,0,demo_synthetic
2026-08-13,brio,brio_cmp_006,brio_ad_022,brio_cr_022,34.78,2734,55,50,10,0,0,demo_synthetic
2026-08-14,brio,brio_cmp_006,brio_ad_022,brio_cr_022,37.67,3244,88,82,5,1,354.48,demo_synthetic
2026-08-15,brio,brio_cmp_006,brio_ad_022,brio_cr_022,37.37,3044,62,55,8,0,0,demo_synthetic
2026-08-16,brio,brio_cmp_006,brio_ad_022,brio_cr_022,46.12,3562,69,63,6,2,729.87,demo_synthetic
2026-08-17,brio,brio_cmp_006,brio_ad_022,brio_cr_022,32.41,3056,70,63,8,1,408.15,demo_synthetic
2026-08-18,brio,brio_cmp_006,brio_ad_022,brio_cr_022,43.06,3237,66,61,4,1,410.61,demo_synthetic
2026-08-19,brio,brio_cmp_006,brio_ad_022,brio_cr_022,36.58,3028,74,68,4,1,347.37,demo_synthetic
2026-08-20,brio,brio_cmp_006,brio_ad_022,brio_cr_022,37.09,2933,73,68,7,2,720.42,demo_synthetic
2026-08-21,brio,brio_cmp_006,brio_ad_022,brio_cr_022,42.11,3859,78,71,8,0,0,demo_synthetic
2026-08-22,brio,brio_cmp_006,brio_ad_022,brio_cr_022,29.33,2478,58,55,9,1,375.58,demo_synthetic
2026-08-23,brio,brio_cmp_006,brio_ad_022,brio_cr_022,34.81,2757,62,60,11,2,712.62,demo_synthetic
2026-08-24,brio,brio_cmp_006,brio_ad_022,brio_cr_022,39.9,3116,63,59,7,0,0,demo_synthetic
2026-08-25,brio,brio_cmp_006,brio_ad_022,brio_cr_022,46.55,4121,89,84,10,3,1077.28,demo_synthetic
2026-08-26,brio,brio_cmp_006,brio_ad_022,brio_cr_022,41.66,3389,76,68,8,1,365.81,demo_synthetic
2026-08-27,brio,brio_cmp_006,brio_ad_022,brio_cr_022,36.51,2730,58,53,9,1,368.61,demo_synthetic
2026-08-28,brio,brio_cmp_006,brio_ad_022,brio_cr_022,45.64,3182,56,50,10,2,727.18,demo_synthetic
2026-08-29,brio,brio_cmp_006,brio_ad_022,brio_cr_022,38.84,2672,63,58,5,0,0,demo_synthetic
2026-08-30,brio,brio_cmp_006,brio_ad_022,brio_cr_022,32.76,2881,54,46,7,0,0,demo_synthetic
2026-08-31,brio,brio_cmp_006,brio_ad_022,brio_cr_022,38.18,2721,47,45,3,0,0,demo_synthetic
2026-09-01,brio,brio_cmp_006,brio_ad_022,brio_cr_022,43.53,3240,76,71,10,3,1078.99,demo_synthetic
2026-09-02,brio,brio_cmp_006,brio_ad_022,brio_cr_022,31.29,2596,46,46,5,1,397.08,demo_synthetic
2026-09-03,brio,brio_cmp_006,brio_ad_022,brio_cr_022,37.9,3253,55,51,5,0,0,demo_synthetic
2026-09-04,brio,brio_cmp_006,brio_ad_022,brio_cr_022,40.46,3158,54,47,3,1,384.24,demo_synthetic
2026-09-05,brio,brio_cmp_006,brio_ad_022,brio_cr_022,31.42,2484,41,36,2,0,0,demo_synthetic
2026-09-06,brio,brio_cmp_006,brio_ad_022,brio_cr_022,49.14,3865,88,81,7,2,729.75,demo_synthetic
2026-09-07,brio,brio_cmp_006,brio_ad_022,brio_cr_022,40.52,2890,60,53,5,1,376.73,demo_synthetic
2026-09-08,brio,brio_cmp_006,brio_ad_022,brio_cr_022,35.06,2705,57,50,8,0,0,demo_synthetic
2026-09-09,brio,brio_cmp_006,brio_ad_022,brio_cr_022,29.3,2317,59,50,2,0,0,demo_synthetic
2026-09-10,brio,brio_cmp_006,brio_ad_022,brio_cr_022,28.59,2300,60,57,4,0,0,demo_synthetic
2026-09-11,brio,brio_cmp_006,brio_ad_022,brio_cr_022,34.66,2742,53,48,7,0,0,demo_synthetic
2026-09-12,brio,brio_cmp_006,brio_ad_022,brio_cr_022,36.26,2831,69,66,11,0,0,demo_synthetic
2026-09-13,brio,brio_cmp_006,brio_ad_022,brio_cr_022,54.05,4361,102,89,8,4,1520.28,demo_synthetic
2026-07-16,brio,brio_cmp_006,brio_ad_023,brio_cr_023,39.53,2629,59,55,5,3,631.73,demo_synthetic
2026-07-17,brio,brio_cmp_006,brio_ad_023,brio_cr_023,46.29,3051,60,55,9,1,212.1,demo_synthetic
2026-07-18,brio,brio_cmp_006,brio_ad_023,brio_cr_023,47.15,3157,69,65,5,0,0,demo_synthetic
2026-07-19,brio,brio_cmp_006,brio_ad_023,brio_cr_023,41.45,2960,50,39,2,2,444.61,demo_synthetic
2026-07-20,brio,brio_cmp_006,brio_ad_023,brio_cr_023,34.96,2202,41,38,1,0,0,demo_synthetic
2026-07-21,brio,brio_cmp_006,brio_ad_023,brio_cr_023,40.54,2599,56,52,6,1,279.94,demo_synthetic
2026-07-22,brio,brio_cmp_006,brio_ad_023,brio_cr_023,36.91,2553,56,50,3,0,0,demo_synthetic
2026-07-23,brio,brio_cmp_006,brio_ad_023,brio_cr_023,33.54,2410,59,51,5,0,0,demo_synthetic
2026-07-24,brio,brio_cmp_006,brio_ad_023,brio_cr_023,28.99,2010,42,39,3,2,460.74,demo_synthetic
2026-07-25,brio,brio_cmp_006,brio_ad_023,brio_cr_023,36.59,2425,70,65,6,0,0,demo_synthetic
2026-07-26,brio,brio_cmp_006,brio_ad_023,brio_cr_023,32.32,2085,41,37,6,0,0,demo_synthetic
2026-07-27,brio,brio_cmp_006,brio_ad_023,brio_cr_023,35.43,2449,59,56,11,0,0,demo_synthetic
2026-07-28,brio,brio_cmp_006,brio_ad_023,brio_cr_023,39.4,2770,60,57,3,1,225.29,demo_synthetic
2026-07-29,brio,brio_cmp_006,brio_ad_023,brio_cr_023,37.51,2756,56,52,6,0,0,demo_synthetic
2026-07-30,brio,brio_cmp_006,brio_ad_023,brio_cr_023,35.57,2520,79,69,10,0,0,demo_synthetic
2026-07-31,brio,brio_cmp_006,brio_ad_023,brio_cr_023,32.57,2025,58,56,3,2,460.3,demo_synthetic
2026-08-01,brio,brio_cmp_006,brio_ad_023,brio_cr_023,41.22,2931,80,72,10,1,237.69,demo_synthetic
2026-08-02,brio,brio_cmp_006,brio_ad_023,brio_cr_023,36.11,2768,57,52,9,0,0,demo_synthetic
2026-08-03,brio,brio_cmp_006,brio_ad_023,brio_cr_023,41.65,2781,70,65,3,1,215.21,demo_synthetic
2026-08-04,brio,brio_cmp_006,brio_ad_023,brio_cr_023,38.69,2515,68,61,9,2,412.05,demo_synthetic
2026-08-05,brio,brio_cmp_006,brio_ad_023,brio_cr_023,37.16,2464,59,56,11,0,0,demo_synthetic
2026-08-06,brio,brio_cmp_006,brio_ad_023,brio_cr_023,36.37,2534,69,61,6,1,230.02,demo_synthetic
2026-08-07,brio,brio_cmp_006,brio_ad_023,brio_cr_023,37.53,2372,51,45,6,1,236.98,demo_synthetic
2026-08-08,brio,brio_cmp_006,brio_ad_023,brio_cr_023,37.01,2493,65,59,3,2,455.19,demo_synthetic
2026-08-09,brio,brio_cmp_006,brio_ad_023,brio_cr_023,35.29,2135,52,52,10,1,190.54,demo_synthetic
2026-08-10,brio,brio_cmp_006,brio_ad_023,brio_cr_023,41.1,2502,77,70,7,1,213.34,demo_synthetic
2026-08-11,brio,brio_cmp_006,brio_ad_023,brio_cr_023,42.52,2992,74,69,9,1,209.8,demo_synthetic
2026-08-12,brio,brio_cmp_006,brio_ad_023,brio_cr_023,43.33,2729,72,64,17,0,0,demo_synthetic
2026-08-13,brio,brio_cmp_006,brio_ad_023,brio_cr_023,43.27,2511,53,47,5,1,214.51,demo_synthetic
2026-08-14,brio,brio_cmp_006,brio_ad_023,brio_cr_023,33.91,2199,44,42,3,0,0,demo_synthetic
2026-08-15,brio,brio_cmp_006,brio_ad_023,brio_cr_023,40.73,2607,57,48,11,1,200.97,demo_synthetic
2026-08-16,brio,brio_cmp_006,brio_ad_023,brio_cr_023,47.07,3411,72,66,7,1,208.2,demo_synthetic
2026-08-17,brio,brio_cmp_006,brio_ad_023,brio_cr_023,46.68,2904,86,78,8,0,0,demo_synthetic
2026-08-18,brio,brio_cmp_006,brio_ad_023,brio_cr_023,42.02,3005,81,69,10,1,202.23,demo_synthetic
2026-08-19,brio,brio_cmp_006,brio_ad_023,brio_cr_023,44.32,2899,63,55,5,0,0,demo_synthetic
2026-08-20,brio,brio_cmp_006,brio_ad_023,brio_cr_023,44.49,3081,85,72,7,0,0,demo_synthetic
2026-08-21,brio,brio_cmp_006,brio_ad_023,brio_cr_023,40.19,2694,53,49,4,1,216.16,demo_synthetic
2026-08-22,brio,brio_cmp_006,brio_ad_023,brio_cr_023,43.48,3064,72,69,11,3,639.75,demo_synthetic
2026-08-23,brio,brio_cmp_006,brio_ad_023,brio_cr_023,40.16,2729,61,59,9,2,404.65,demo_synthetic
2026-08-24,brio,brio_cmp_006,brio_ad_023,brio_cr_023,38.54,2478,53,49,4,2,435.3,demo_synthetic
2026-08-25,brio,brio_cmp_006,brio_ad_023,brio_cr_023,39.1,2572,54,48,3,1,225.96,demo_synthetic
2026-08-26,brio,brio_cmp_006,brio_ad_023,brio_cr_023,38.19,2582,64,61,7,0,0,demo_synthetic
2026-08-27,brio,brio_cmp_006,brio_ad_023,brio_cr_023,37.13,2455,72,65,3,0,0,demo_synthetic
2026-08-28,brio,brio_cmp_006,brio_ad_023,brio_cr_023,30.96,2193,53,47,8,0,0,demo_synthetic
2026-08-29,brio,brio_cmp_006,brio_ad_023,brio_cr_023,48.26,3270,67,62,6,0,0,demo_synthetic
2026-08-30,brio,brio_cmp_006,brio_ad_023,brio_cr_023,36.36,2292,54,48,5,1,185.17,demo_synthetic
2026-08-31,brio,brio_cmp_006,brio_ad_023,brio_cr_023,38.43,2419,51,47,4,0,0,demo_synthetic
2026-09-01,brio,brio_cmp_006,brio_ad_023,brio_cr_023,39.25,2709,63,63,5,0,0,demo_synthetic
2026-09-02,brio,brio_cmp_006,brio_ad_023,brio_cr_023,33.3,2559,60,58,8,1,211.89,demo_synthetic
2026-09-03,brio,brio_cmp_006,brio_ad_023,brio_cr_023,34.88,2382,58,55,6,0,0,demo_synthetic
2026-09-04,brio,brio_cmp_006,brio_ad_023,brio_cr_023,36.61,2330,63,52,4,0,0,demo_synthetic
2026-09-05,brio,brio_cmp_006,brio_ad_023,brio_cr_023,45.06,3252,90,81,7,1,239.87,demo_synthetic
2026-09-06,brio,brio_cmp_006,brio_ad_023,brio_cr_023,40.52,2968,50,45,3,1,208.49,demo_synthetic
2026-09-07,brio,brio_cmp_006,brio_ad_023,brio_cr_023,42.56,2717,49,47,5,0,0,demo_synthetic
2026-09-08,brio,brio_cmp_006,brio_ad_023,brio_cr_023,35.21,2357,69,61,7,0,0,demo_synthetic
2026-09-09,brio,brio_cmp_006,brio_ad_023,brio_cr_023,33.84,2233,45,42,3,0,0,demo_synthetic
2026-09-10,brio,brio_cmp_006,brio_ad_023,brio_cr_023,42.26,2888,68,63,7,0,0,demo_synthetic
2026-09-11,brio,brio_cmp_006,brio_ad_023,brio_cr_023,36.75,2818,70,63,8,2,427.95,demo_synthetic
2026-09-12,brio,brio_cmp_006,brio_ad_023,brio_cr_023,43.83,3154,99,88,15,0,0,demo_synthetic
2026-09-13,brio,brio_cmp_006,brio_ad_023,brio_cr_023,38.49,2431,58,52,8,1,202.88,demo_synthetic
2026-07-16,brio,brio_cmp_006,brio_ad_024,brio_cr_024,35.6,1858,43,41,5,0,0,demo_synthetic
2026-07-17,brio,brio_cmp_006,brio_ad_024,brio_cr_024,39.08,2235,40,35,3,0,0,demo_synthetic
2026-07-18,brio,brio_cmp_006,brio_ad_024,brio_cr_024,42.27,2519,52,50,1,0,0,demo_synthetic
2026-07-19,brio,brio_cmp_006,brio_ad_024,brio_cr_024,34.14,1829,29,28,4,1,293.54,demo_synthetic
2026-07-20,brio,brio_cmp_006,brio_ad_024,brio_cr_024,35.34,2226,52,47,4,0,0,demo_synthetic
2026-07-21,brio,brio_cmp_006,brio_ad_024,brio_cr_024,37.81,2161,56,52,3,0,0,demo_synthetic
2026-07-22,brio,brio_cmp_006,brio_ad_024,brio_cr_024,30.88,1714,42,42,5,1,320.21,demo_synthetic
2026-07-23,brio,brio_cmp_006,brio_ad_024,brio_cr_024,31.33,1864,32,27,1,0,0,demo_synthetic
2026-07-24,brio,brio_cmp_006,brio_ad_024,brio_cr_024,36.26,1925,53,48,3,0,0,demo_synthetic
2026-07-25,brio,brio_cmp_006,brio_ad_024,brio_cr_024,44.85,2848,52,50,3,0,0,demo_synthetic
2026-07-26,brio,brio_cmp_006,brio_ad_024,brio_cr_024,33.5,1649,34,34,2,2,617.84,demo_synthetic
2026-07-27,brio,brio_cmp_006,brio_ad_024,brio_cr_024,36.36,1999,43,35,4,0,0,demo_synthetic
2026-07-28,brio,brio_cmp_006,brio_ad_024,brio_cr_024,42.07,2425,51,47,6,0,0,demo_synthetic
2026-07-29,brio,brio_cmp_006,brio_ad_024,brio_cr_024,33.92,1675,39,36,2,0,0,demo_synthetic
2026-07-30,brio,brio_cmp_006,brio_ad_024,brio_cr_024,42.61,2314,45,45,9,0,0,demo_synthetic
2026-07-31,brio,brio_cmp_006,brio_ad_024,brio_cr_024,48.43,2833,45,43,3,1,301.74,demo_synthetic
2026-08-01,brio,brio_cmp_006,brio_ad_024,brio_cr_024,43.6,2442,52,43,8,0,0,demo_synthetic
2026-08-02,brio,brio_cmp_006,brio_ad_024,brio_cr_024,39.27,2177,35,32,1,1,238.84,demo_synthetic
2026-08-03,brio,brio_cmp_006,brio_ad_024,brio_cr_024,33.0,2089,46,43,1,0,0,demo_synthetic
2026-08-04,brio,brio_cmp_006,brio_ad_024,brio_cr_024,40.31,2158,42,38,2,0,0,demo_synthetic
2026-08-05,brio,brio_cmp_006,brio_ad_024,brio_cr_024,40.75,2187,46,43,10,0,0,demo_synthetic
2026-08-06,brio,brio_cmp_006,brio_ad_024,brio_cr_024,38.41,1968,38,37,3,0,0,demo_synthetic
2026-08-07,brio,brio_cmp_006,brio_ad_024,brio_cr_024,37.32,1845,21,20,1,0,0,demo_synthetic
2026-08-08,brio,brio_cmp_006,brio_ad_024,brio_cr_024,40.35,2226,46,41,4,0,0,demo_synthetic
2026-08-09,brio,brio_cmp_006,brio_ad_024,brio_cr_024,37.79,1995,33,28,7,1,293.65,demo_synthetic
2026-08-10,brio,brio_cmp_006,brio_ad_024,brio_cr_024,35.01,1743,34,27,1,1,274.75,demo_synthetic
2026-08-11,brio,brio_cmp_006,brio_ad_024,brio_cr_024,38.8,1959,28,24,4,0,0,demo_synthetic
2026-08-12,brio,brio_cmp_006,brio_ad_024,brio_cr_024,42.83,2273,35,34,4,1,315.75,demo_synthetic
2026-08-13,brio,brio_cmp_006,brio_ad_024,brio_cr_024,38.01,2276,59,55,10,0,0,demo_synthetic
2026-08-14,brio,brio_cmp_006,brio_ad_024,brio_cr_024,44.11,2504,45,43,8,1,246.13,demo_synthetic
2026-08-15,brio,brio_cmp_006,brio_ad_024,brio_cr_024,42.87,2489,47,44,4,0,0,demo_synthetic
2026-08-16,brio,brio_cmp_006,brio_ad_024,brio_cr_024,35.85,1794,38,31,2,0,0,demo_synthetic
2026-08-17,brio,brio_cmp_006,brio_ad_024,brio_cr_024,41.39,2281,50,44,1,1,291.59,demo_synthetic
2026-08-18,brio,brio_cmp_006,brio_ad_024,brio_cr_024,35.16,2044,34,32,3,0,0,demo_synthetic
2026-08-19,brio,brio_cmp_006,brio_ad_024,brio_cr_024,43.62,2527,62,56,3,0,0,demo_synthetic
2026-08-20,brio,brio_cmp_006,brio_ad_024,brio_cr_024,41.89,2677,67,63,4,2,597.4,demo_synthetic
2026-08-21,brio,brio_cmp_006,brio_ad_024,brio_cr_024,37.15,2175,30,29,6,1,286.34,demo_synthetic
2026-08-22,brio,brio_cmp_006,brio_ad_024,brio_cr_024,37.73,1969,38,35,1,0,0,demo_synthetic
2026-08-23,brio,brio_cmp_006,brio_ad_024,brio_cr_024,31.57,1557,35,33,4,1,282.66,demo_synthetic
2026-08-24,brio,brio_cmp_006,brio_ad_024,brio_cr_024,27.03,1391,27,24,1,0,0,demo_synthetic
2026-08-25,brio,brio_cmp_006,brio_ad_024,brio_cr_024,43.62,2498,46,39,2,1,283.51,demo_synthetic
2026-08-26,brio,brio_cmp_006,brio_ad_024,brio_cr_024,37.96,1963,46,38,2,0,0,demo_synthetic
2026-08-27,brio,brio_cmp_006,brio_ad_024,brio_cr_024,30.68,1831,52,50,1,0,0,demo_synthetic
2026-08-28,brio,brio_cmp_006,brio_ad_024,brio_cr_024,39.05,2052,54,49,7,0,0,demo_synthetic
2026-08-29,brio,brio_cmp_006,brio_ad_024,brio_cr_024,34.49,1857,36,35,3,0,0,demo_synthetic
2026-08-30,brio,brio_cmp_006,brio_ad_024,brio_cr_024,36.04,2024,33,33,1,0,0,demo_synthetic
2026-08-31,brio,brio_cmp_006,brio_ad_024,brio_cr_024,46.56,2582,48,42,5,1,274.84,demo_synthetic
2026-09-01,brio,brio_cmp_006,brio_ad_024,brio_cr_024,40.21,2088,49,45,7,1,258.6,demo_synthetic
2026-09-02,brio,brio_cmp_006,brio_ad_024,brio_cr_024,36.3,1949,39,35,7,0,0,demo_synthetic
2026-09-03,brio,brio_cmp_006,brio_ad_024,brio_cr_024,37.05,2180,35,30,2,0,0,demo_synthetic
2026-09-04,brio,brio_cmp_006,brio_ad_024,brio_cr_024,35.73,2062,45,41,4,0,0,demo_synthetic
2026-09-05,brio,brio_cmp_006,brio_ad_024,brio_cr_024,43.15,2345,56,52,5,0,0,demo_synthetic
2026-09-06,brio,brio_cmp_006,brio_ad_024,brio_cr_024,36.89,2354,31,27,4,1,294.67,demo_synthetic
2026-09-07,brio,brio_cmp_006,brio_ad_024,brio_cr_024,36.09,2111,33,29,4,0,0,demo_synthetic
2026-09-08,brio,brio_cmp_006,brio_ad_024,brio_cr_024,36.82,2081,37,34,3,0,0,demo_synthetic
2026-09-09,brio,brio_cmp_006,brio_ad_024,brio_cr_024,43.62,2367,44,41,4,0,0,demo_synthetic
2026-09-10,brio,brio_cmp_006,brio_ad_024,brio_cr_024,41.56,2400,40,34,2,0,0,demo_synthetic
2026-09-11,brio,brio_cmp_006,brio_ad_024,brio_cr_024,38.66,2033,48,46,5,0,0,demo_synthetic
2026-09-12,brio,brio_cmp_006,brio_ad_024,brio_cr_024,43.34,2281,46,42,3,0,0,demo_synthetic
2026-09-13,brio,brio_cmp_006,brio_ad_024,brio_cr_024,42.15,2187,44,38,4,2,585.85,demo_synthetic
